datetime,suction_tension (20cm),suction_tension (40cm),suction_tension (70cm),water_temperature,barometric_pressure_qfe,dew_point,water_level,inflow_linth (m3/s),outflow_limmat (m3/s),precipitation (mm),Evapotranspiration (mm),change_rate
2012-01-01 00:00:00+00:00,1.7434782608695654,1.3565217391304347,1.5043478260869565,6.023188405797101,972.3833333333332,6.369565217391305,405.9119565217392,32.03408695652174,141.30269565217392,0.1,0.03,
2012-01-08 00:00:00+00:00,1.8672619047619048,1.5125,1.6589285714285715,5.722718253968254,972.2800396825397,1.6021230158730158,405.9260357142857,42.39451785714285,130.65517261904762,50.2,0.59,3.4685335872142176e-05
2012-01-15 00:00:00+00:00,3.0351190476190477,2.6517857142857144,2.248214285714286,5.233115079365079,981.8365079365079,-0.0006547619047618168,405.8566805555556,41.335660714285716,98.24102380952381,0.0,0.72,-0.00017085664044202975
2012-01-22 00:00:00+00:00,3.7422619047619046,2.6020833333333333,2.298511904761905,4.957996031746032,975.9888293650794,-0.2620436507936506,405.81148214285713,31.670130952380955,85.36749404761905,40.099999999999994,0.89,-0.0001113654520522589
2012-01-29 00:00:00+00:00,1.9964285714285714,1.7214285714285713,1.8297619047619047,5.045565476190476,973.6417956349206,1.4223115079365078,405.82859523809526,38.18382142857143,101.41372023809525,13.7,0.19,4.217006169415782e-05
2012-02-05 00:00:00+00:00,3.7827380952380953,2.960714285714286,2.3857142857142857,4.046666666666667,975.8532142857142,-9.337738095238095,405.77660714285713,38.50127380952381,81.97443452380953,1.0,0.7,-0.00012810357832870878
2012-02-12 00:00:00+00:00,27.418400621118014,4.244047619047619,2.8869047619047623,3.0242675983436853,980.5305262249827,-12.028124568668046,405.7513792270532,40.795174171842646,78.20593271221533,0.0,0.8,-6.217193243740482e-05
2012-02-19 00:00:00+00:00,53.091071428571425,6.189880952380952,2.551488095238095,3.7192460317460316,973.7869444444444,-2.252619047619047,405.715878968254,34.09060714285714,74.82041666666666,19.0,1.19,-8.749263863694345e-05
2012-02-26 00:00:00+00:00,2.392857142857143,3.8166666666666664,1.8294642857142858,4.171428571428572,980.6990476190476,-0.2264682539682539,405.6619246031746,23.733541666666667,58.80935119047619,0.7,2.2199999999999998,-0.00013298558887220313
2012-03-04 00:00:00+00:00,3.0,2.330357142857143,1.894642857142857,4.803849206349207,976.7070238095238,2.6343452380952384,405.65717658730154,24.163261904761903,57.965624999999996,0.0,5.33,-1.1704366579934344e-05
2012-03-11 00:00:00+00:00,2.7110119047619046,2.205952380952381,2.0166666666666666,4.758353174603174,980.4918650793651,-1.1116071428571428,405.72193253968254,34.409148809523806,68.62371428571429,3.7,4.57,0.00015963221192283328
2012-03-18 00:00:00+00:00,6.060119047619048,3.6785714285714284,2.4482142857142857,6.032440476190476,978.3817261904761,3.377936507936508,405.7427698412698,33.39305952380953,68.68727380952382,1.7,11.68,5.1358578169180547e-05
2012-03-25 00:00:00+00:00,4.231625258799172,3.0296583850931675,2.162396480331263,7.254528985507245,980.3940630237603,4.401953933747412,405.75496278221436,41.05436904761905,94.5831827122153,8.8,11.8,3.0050913659707135e-05
2012-04-01 00:00:00+00:00,15.504761904761905,5.292261904761905,2.9047619047619047,7.675634920634921,974.9274603174605,2.678313492063492,405.7374107142858,51.12052380952381,75.01491071428572,0.0,17.57,-4.325780221703379e-05
2012-04-08 00:00:00+00:00,19.17202380952381,6.955357142857143,3.7166666666666663,7.28875,961.7050992063492,5.57452380952381,405.78653571428566,65.28538095238095,103.08243452380952,21.7,5.8,0.00012107584536846794
2012-04-15 00:00:00+00:00,2.7535714285714286,2.3416666666666663,1.9089285714285715,8.478472222222223,956.6701388888889,4.131746031746032,405.7806150793651,58.717499999999994,105.49644642857143,14.9,4.760000000000001,-1.4590515947432436e-05
2012-04-22 00:00:00+00:00,2.725,2.2869047619047618,1.9749999999999999,7.244265873015872,958.1320436507937,3.365982142857143,405.7726984126984,44.62956547619047,88.09045238095237,22.0,7.93,-1.9509721195354324e-05
2012-04-29 00:00:00+00:00,4.764880952380953,3.1380952380952385,2.3172619047619043,9.483035714285714,961.1680555555556,5.89265873015873,405.7917261904762,42.424303571428574,62.920125,3.6000000000000005,25.15,4.689270089452968e-05
2012-05-06 00:00:00+00:00,12.611309523809524,5.59702380952381,3.0910714285714285,11.18799603174603,964.9342261904761,8.344742063492063,405.82250000000005,96.80524404761904,130.50085714285714,27.4,13.18,7.5836463726775e-05
2012-05-13 00:00:00+00:00,3.9726190476190477,2.855952380952381,2.288690476190476,13.995833333333334,974.7874007936507,9.974107142857141,405.829871031746,105.75732738095238,139.32875595238096,37.1,17.23,1.8163191410014434e-05
2012-05-20 00:00:00+00:00,4.5511904761904765,3.0952380952380953,2.223809523809524,10.897222222222224,967.6772817460317,5.58373015873016,405.8309226190476,103.69100595238095,141.70564285714286,6.1000000000000005,18.98,2.5912023158269903e-06
2012-05-27 00:00:00+00:00,5.355952380952381,3.3672619047619046,2.3345238095238092,15.26706349206349,967.875992063492,10.786011904761905,405.8521130952381,104.25811904761905,143.76326190476192,21.2,20.27,5.221503589170062e-05
2012-06-03 00:00:00+00:00,33.46964285714286,9.752380952380951,3.5124999999999997,18.241468253968254,969.4249007936507,12.057440476190477,405.8771626984127,109.1701130952381,129.51909523809522,22.1,21.89,6.172101207879699e-05
2012-06-10 00:00:00+00:00,2.8785714285714286,2.600595238095238,2.032440476190476,18.33343253968254,966.3660714285714,11.881646825396826,406.0857936507937,151.05473214285715,216.33629761904763,89.9,6.33,0.0005140248615957965
2012-06-17 00:00:00+00:00,4.5285714285714285,2.807738095238095,2.063690476190476,18.119642857142857,967.8308531746031,12.098313492063493,406.2778373015873,142.4401130952381,260.4431071428572,47.0,22.939999999999998,0.0004729139846708641
2012-06-24 00:00:00+00:00,16.47797619047619,7.074404761904762,3.4220238095238096,19.61140873015873,971.2479166666666,14.284722222222223,406.0769841269841,113.64266071428571,174.69978571428572,22.3,21.22,-0.0004943739386259471
2012-07-01 00:00:00+00:00,7.1909890109890116,4.115567765567766,2.800283882783883,20.459870268620268,969.5810027472528,16.57415750915751,406.06619078144075,109.08631208791209,162.87278305860806,25.3,16.119999999999997,-2.6579555023387158e-05
2012-07-08 00:00:00+00:00,4.498067765567766,3.2454670329670328,2.281126373626374,21.1542094017094,966.5983699633699,16.531405677655677,406.0482963980464,88.31156474358974,145.74991657509156,18.3,10.29,-4.406765153219805e-05
2012-07-15 00:00:00+00:00,9.2125,5.655952380952381,3.088690476190476,21.00515873015873,968.6188492063492,12.470039682539683,406.0161607142857,68.19393452380952,102.19291666666666,30.1,12.639999999999999,-7.914251591678578e-05
2012-07-22 00:00:00+00:00,20.055,7.904642857142858,4.453095238095238,19.660932539682538,974.4915277777778,11.99420634920635,405.99966666666666,54.963248809523805,84.77730238095238,27.599999999999998,21.62,-4.0624116020571144e-05
2012-07-29 00:00:00+00:00,19.367261904761904,5.015476190476191,2.8047619047619046,22.080555555555556,969.7811507936507,15.150496031746032,405.9880952380953,45.57207142857143,70.23697023809524,11.8,25.009999999999998,-2.850107899432519e-05
2012-08-05 00:00:00+00:00,26.65416666666667,8.425,4.436904761904762,23.32559523809524,969.581746031746,14.99781746031746,405.9802380952381,42.93465476190476,61.76069642857143,16.0,21.5,-1.935313608780742e-05
2012-08-12 00:00:00+00:00,15.917857142857144,8.770238095238096,5.895833333333334,22.673928571428572,973.6710317460318,12.916785714285714,405.9821726190476,43.460208333333334,61.407023809523814,6.0,24.78,4.7650689072309405e-06
2012-08-19 00:00:00+00:00,32.50714285714286,8.230952380952381,4.457738095238095,23.784692460317462,970.7159325396825,16.454285714285714,405.97849702380955,37.01730357142857,63.78782738095238,44.099999999999994,23.02,-9.053587782803518e-06
2012-08-26 00:00:00+00:00,11.164880952380953,5.776190476190476,2.8863095238095235,25.27906746031746,970.0626388888888,17.171904761904763,405.9844523809524,36.830863095238094,61.659125,33.0,13.44,1.4669144268841805e-05
2012-09-02 00:00:00+00:00,4.141071428571428,2.969345238095238,2.051190476190476,22.788928571428574,973.7889484126983,13.142777777777779,406.0682738095238,57.08988095238095,145.80973214285714,56.3,10.17,0.00020646462710538493
2012-09-09 00:00:00+00:00,6.37702380952381,4.527083333333333,2.4498214285714286,20.907301587301585,973.7572420634921,14.848690476190475,406.0554365079365,63.96460714285714,118.55226666666667,1.2,7.859999999999999,-3.161365320880627e-05
2012-09-16 00:00:00+00:00,7.161309523809523,4.40952380952381,2.5916666666666663,20.582638888888887,970.4477182539683,11.180257936507937,406.04530753968254,58.42227976190476,110.84590476190476,34.1,10.99,-2.4944791630177043e-05
2012-09-23 00:00:00+00:00,3.798214285714286,2.742857142857143,2.130952380952381,19.40625,970.2643849206349,11.707539682539684,406.06213293650796,54.188964285714285,111.33307142857143,32.8,8.02,4.143723991623105e-05
2012-09-30 00:00:00+00:00,2.718154761904762,0.46964285714285714,2.025,18.10168650793651,965.2690476190476,10.57123015873016,406.0745634920635,63.866261904761906,122.72413095238095,22.3,5.58,3.061244707946997e-05
2012-10-07 00:00:00+00:00,3.487061403508772,0.26964285714285713,2.4782581453634083,17.29792188805347,971.268175647452,11.954568713450291,406.04691416040106,60.264629699248125,102.61026503759399,25.0,5.28,-6.808929725776736e-05
2012-10-14 00:00:00+00:00,2.0141981792717085,0.024555504019789714,1.5318149987267635,16.604012135157095,965.5076105442176,11.25501776468163,406.29059572313776,110.9900819191313,234.80197589945072,69.8,1.8900000000000001,0.0006001315469681412
2012-10-21 00:00:00+00:00,1.6649859943977592,0.0,1.0667787114845937,15.443636788048552,968.1645238095238,9.115852007469654,406.1574659197012,97.95105182072828,197.6026037815126,0.0,6.51,-0.0003276713880112636
2012-10-28 00:00:00+00:00,3.0001904761904763,0.0,2.8791904761904763,14.062119047619047,965.931884920635,7.105051587301587,406.01209801587305,59.80108571428571,98.36055738095239,27.700000000000003,0.6900000000000001,-0.0003579102097729381
2012-11-04 00:00:00+00:00,3.305357142857143,1.511309523809524,1.4089285714285715,11.849404761904761,958.2459325396825,3.91468253968254,405.97334325396827,40.588226190476185,96.52793452380952,23.900000000000002,4.12,-9.545223429097138e-05
2012-11-11 00:00:00+00:00,3.4588340336134453,2.8037640056022406,1.4342717086834733,11.301831232492999,969.5423097572362,5.37513772175537,405.9647014472456,36.2503568627451,92.03182507002802,38.3,1.78,-2.128663584999302e-05
2012-11-18 00:00:00+00:00,4.258928571428571,4.207738095238095,2.238095238095238,10.63154761904762,974.3984126984126,5.240714285714286,405.949621031746,37.21022023809524,80.01543452380953,1.9000000000000001,1.1400000000000001,-3.714711019420225e-05
2012-11-25 00:00:00+00:00,5.538392857142857,5.029761904761905,2.9434523809523805,9.983809523809525,972.5778571428572,4.800456349206349,405.91798611111113,30.568172619047623,57.83814880952381,0.0,1.01,-7.792819353902303e-05
2012-12-02 00:00:00+00:00,5.526488095238095,3.8708333333333336,2.469940476190476,9.214434523809524,960.5488591269841,1.9655555555555553,405.91146825396817,26.723994047619048,63.354642857142856,34.800000000000004,0.63,-1.6057078932152358e-05
2012-12-09 00:00:00+00:00,6.190052308802309,2.3060786435786436,1.4761994949494948,7.543154761904762,965.3595418470419,-1.2827801827801828,405.9400685425685,28.59452922077922,84.62744426406925,47.1,0.66,7.045942486749723e-05
2012-12-16 00:00:00+00:00,30.380395794681508,1.6940630797773655,0.7041434755720469,6.517470624613481,971.396176046176,-6.757472686044115,405.91358070500934,31.27275695732839,67.7700309214595,0.0,1.1199999999999999,-6.525061114137642e-05
2012-12-23 00:00:00+00:00,48.695454545454545,2.568181818181818,0.9727272727272728,6.501010101010101,969.2252525252524,-6.8351010101010115,405.9159090909091,34.03668181818182,67.51686363636364,0.0,0.4,5.736161612812651e-06
2012-12-30 00:00:00+00:00,46.590909090909086,2.6363636363636362,1.0454545454545454,6.7020202020202015,968.3838383838385,-6.053535353535354,405.9218181818182,36.65736363636364,70.26772727272729,0.0,1.53,1.455742624711931e-05
2013-01-06 00:00:00+00:00,44.486363636363635,2.704545454545454,1.1181818181818182,6.903030303030303,967.5424242424242,-5.271969696969698,405.9277272727273,39.278045454545456,73.01859090909092,0.0,0.59,1.4557214331523127e-05
2013-01-13 00:00:00+00:00,42.381818181818176,2.7727272727272725,1.190909090909091,7.104040404040404,966.70101010101,-4.490404040404041,405.93363636363637,41.89872727272728,75.76945454545455,0.0,0.36,1.4557002422144194e-05
2013-01-20 00:00:00+00:00,40.277272727272724,2.840909090909091,1.2636363636363637,7.305050505050505,965.8595959595959,-3.7088383838383847,405.9395454545455,44.51940909090909,78.52031818181818,0.0,0.39,1.455679051898251e-05
2013-01-27 00:00:00+00:00,38.17272727272727,2.909090909090909,1.3363636363636364,7.506060606060606,965.0181818181817,-2.9272727272727286,405.9454545454546,47.14009090909091,81.27118181818183,0.0,0.65,1.455657862181603e-05
2013-02-03 00:00:00+00:00,36.06818181818182,2.977272727272727,1.409090909090909,7.707070707070707,964.1767676767676,-2.1457070707070716,405.9513636363637,49.76077272727273,84.02204545454546,0.0,0.51,1.4556366730866799e-05
2013-02-10 00:00:00+00:00,33.96363636363636,3.045454545454546,1.481818181818182,7.9080808080808085,963.3353535353535,-1.3641414141414152,405.9572727272727,52.38145454545454,86.77290909090911,0.0,0.75,1.4556154845912772e-05
2013-02-17 00:00:00+00:00,31.859090909090913,3.1136363636363638,1.554545454545455,8.10909090909091,962.4939393939393,-0.5825757575757587,405.96318181818185,55.00213636363636,89.52377272727274,0.0,0.58,1.4555942967620084e-05
2013-02-24 00:00:00+00:00,29.754545454545454,3.181818181818182,1.6272727272727274,8.31010101010101,961.6525252525252,0.19898989898989758,405.96909090909094,57.622818181818175,92.27463636363636,0.0,1.6,1.4555731095100555e-05
2013-03-03 00:00:00+00:00,27.650000000000002,3.25,1.7000000000000004,8.511111111111111,960.8111111111111,0.9805555555555543,405.975,60.24349999999999,95.0255,0.0,2.02,1.455551922902032e-05
2013-03-10 00:00:00+00:00,25.545454545454543,3.318181818181818,1.772727272727273,8.712121212121213,959.9696969696969,1.7621212121212106,405.98090909090905,62.86418181818181,97.77636363636364,0.0,3.91,1.4555307368713244e-05
2013-03-17 00:00:00+00:00,23.44090909090909,3.3863636363636362,1.8454545454545457,8.913131313131315,959.1282828282827,2.543686868686867,405.9868181818182,65.48486363636363,100.52722727272727,0.0,4.23,1.4555095515067507e-05
2013-03-24 00:00:00+00:00,21.33636363636364,3.454545454545454,1.918181818181818,9.114141414141415,958.2868686868687,3.325252525252523,405.9927272727273,68.10554545454545,103.27809090909092,0.0,5.15,1.4554883667194929e-05
2013-03-31 00:00:00+00:00,19.23181818181818,3.522727272727273,1.9909090909090907,9.315151515151515,957.4454545454545,4.106818181818181,405.99863636363636,70.72622727272726,106.02895454545455,0.0,1.21,1.4554671825761645e-05
2013-04-07 00:00:00+00:00,17.12727272727273,3.590909090909091,2.0636363636363635,9.516161616161616,956.6040404040403,4.888383838383836,406.0045454545455,73.34690909090908,108.7798181818182,0.0,3.64,1.455445999054561e-05
2013-04-14 00:00:00+00:00,15.022727272727272,3.659090909090909,2.1363636363636362,9.717171717171718,955.7626262626263,5.669949494949494,406.0104545454546,75.96759090909089,111.53068181818183,0.0,10.75,1.4554248161102734e-05
2013-04-21 00:00:00+00:00,12.918181818181822,3.7272727272727275,2.209090909090909,9.91818181818182,954.9212121212121,6.4515151515151485,406.0163636363637,78.58827272727272,114.28154545454548,0.0,13.790000000000001,1.4554036338099152e-05
2013-04-28 00:00:00+00:00,10.813636363636366,3.7954545454545454,2.2818181818181817,10.11919191919192,954.079797979798,7.233080808080806,406.02227272727276,81.20895454545453,117.03240909090911,0.0,12.629999999999999,1.4553824521090775e-05
2013-05-05 00:00:00+00:00,8.70909090909091,3.8636363636363638,2.354545454545455,10.32020202020202,953.2383838383838,8.014646464646463,406.02818181818185,83.82963636363635,119.78327272727275,0.0,7.050000000000001,1.455361271052169e-05
2013-05-12 00:00:00+00:00,6.604545454545459,3.931818181818181,2.4272727272727272,10.521212121212121,952.3969696969697,8.796212121212118,406.03409090909093,86.45031818181816,122.53413636363636,0.0,9.38,1.4553400905947811e-05
2013-05-19 00:00:00+00:00,4.637461348175634,4.048496444032159,2.578594619666048,11.102073026180168,955.0145382395383,8.544179035250464,406.0387506441971,88.19432637600494,127.29686788806433,3.6,14.15,1.1476216432271258e-05
2013-05-26 00:00:00+00:00,2.6767857142857143,2.775,2.1476190476190475,12.405158730158732,965.910615079365,5.222420634920634,406.0473908730159,80.71155952380953,148.8429642857143,17.3,4.03,2.1279320767009224e-05
2013-06-02 00:00:00+00:00,2.0467261904761904,2.061607142857143,1.657142857142857,12.466269841269844,963.5590674603175,7.927837301587301,406.1347380952381,85.43910714285714,203.5164642857143,99.19999999999999,8.280000000000001,0.00021511583176136995
2013-06-09 00:00:00+00:00,7.611607142857143,4.067857142857143,2.5690476190476192,14.148908730158729,970.0916666666666,9.494742063492064,406.3679265873016,145.08166071428573,275.17367261904764,0.1,26.94,0.0005741653451196704
2013-06-16 00:00:00+00:00,4.816472567287785,3.480150103519669,2.4973861283643894,16.64028381642512,970.7785248447207,13.052964113181504,406.12638216011044,123.34686516563147,210.53771118012423,55.7,16.6,-0.0005943983552532117
2013-06-23 00:00:00+00:00,13.086607142857144,7.21547619047619,3.6410714285714283,20.50839285714286,968.7254265873016,15.243253968253969,406.0842053571428,129.1197857142857,175.73250595238093,15.2,23.15,-0.00010385142364621736
2013-06-30 00:00:00+00:00,4.811309523809524,6.246428571428572,4.675595238095238,18.000099206349205,976.5664682539682,9.040277777777778,406.06555555555553,99.8850238095238,161.71059523809524,15.1,9.57,-4.592594674024397e-05
2013-07-07 00:00:00+00:00,4.75952380952381,5.211607142857143,3.2422619047619046,19.235714285714288,974.6554563492064,14.29623015873016,406.07443452380954,93.44195238095237,166.62869642857143,24.400000000000002,19.77,2.186584932539759e-05
2013-07-14 00:00:00+00:00,14.873809523809525,7.223809523809523,3.200595238095238,20.89146825396825,973.0421626984127,13.323412698412698,406.0423214285715,88.34885714285714,127.97904761904762,0.7999999999999999,33.6,-7.908179512883251e-05
2013-07-21 00:00:00+00:00,59.78720238095239,17.0875,5.107738095238096,22.958234126984127,973.0048611111112,14.470039682539682,406.0249702380952,68.65132738095238,97.8923630952381,0.0,31.16,-4.2732467924189166e-05
2013-07-28 00:00:00+00:00,64.81875,39.148809523809526,9.64047619047619,25.47847222222222,968.6462301587302,17.732936507936508,406.0147321428571,62.01206547619047,89.13114285714285,6.699999999999999,31.31,-2.5215432519098968e-05
2013-08-04 00:00:00+00:00,11.591369047619049,7.677678571428571,4.044642857142857,24.63204365079365,973.0121031746031,16.379662698412698,406.03233134920634,61.48870238095238,94.91776190476192,56.699999999999996,24.47,4.334622602564231e-05
2013-08-11 00:00:00+00:00,8.402678571428572,4.866964285714286,2.601785714285714,24.786706349206348,971.4037698412698,16.018849206349206,406.0262698412698,58.66448809523809,98.98919642857143,26.8,15.43,-1.4928633678912284e-05
2013-08-18 00:00:00+00:00,13.746130952380954,6.213690476190477,3.0142857142857147,22.88190476190476,972.6298015873016,12.459404761904763,405.9993650793651,56.79922023809524,79.14595238095238,0.1,27.3,-6.626359894212897e-05
2013-08-25 00:00:00+00:00,23.441666666666666,10.592261904761903,4.771428571428571,22.870238095238097,971.8076388888888,12.952083333333334,406.00116071428573,54.332791666666665,71.3108511904762,17.0,16.71,4.422753026478432e-06
2013-09-01 00:00:00+00:00,5.132738095238095,4.542857142857143,3.0214285714285714,21.63670634920635,972.1971230158731,12.56825396825397,406.0232043650794,50.23580952380952,85.93768452380952,36.1,11.41,5.4294551165456895e-05
2013-09-08 00:00:00+00:00,17.75267857142857,7.570238095238095,3.4,22.09811507936508,973.479761904762,13.688392857142857,405.97337301587305,38.70744047619048,61.28751785714286,25.1,19.2,-0.00012273029883658193
2013-09-15 00:00:00+00:00,2.5351190476190477,2.7354166666666666,2.398214285714286,20.32996031746032,971.5855158730159,10.550694444444444,406.0171825396825,44.516523809523804,76.49245238095239,24.6,6.220000000000001,0.00010791230834672483
2013-09-22 00:00:00+00:00,2.7958333333333334,2.4458333333333333,1.5875000000000001,18.021031746031746,969.0080357142857,9.82847222222222,406.09298611111114,70.58028571428572,159.53677380952382,0.1,5.77,0.00018670040256552056
2013-09-29 00:00:00+00:00,8.043530020703935,5.351293995859214,2.8168219461697723,18.01642943409248,968.1474637681159,13.69926673567978,406.0658005521049,68.55118348861284,105.61965320910973,0.6000000000000001,6.29,-6.694417272889996e-05
2013-10-06 00:00:00+00:00,8.560119047619049,6.111309523809524,3.6172619047619046,16.73174603174603,969.5847222222221,11.319146825396826,406.0263988095238,59.09313095238095,90.16152380952381,9.1,1.67,-9.703290089324579e-05
2013-10-13 00:00:00+00:00,3.255714285714286,3.082738095238095,2.3470238095238094,15.64795634920635,971.5754761904763,8.209424603174602,406.00127976190475,48.37128928571428,87.79940238095239,0.6,2.6799999999999997,-6.186555281306738e-05
2013-10-20 00:00:00+00:00,3.4939285714285715,2.950178571428571,1.921547619047619,15.054166666666665,970.6168055555555,9.751607142857143,406.01381944444444,60.746964285714284,105.41614880952382,0.5,5.3,3.088582022958697e-05
2013-10-27 00:00:00+00:00,3.6835714285714287,3.0905238095238095,2.0028571428571427,14.975174603174603,970.0670753968253,12.086238095238096,405.9811527777778,64.14513333333333,89.9101469047619,0.4,3.3,-8.04570315151576e-05
2013-11-03 00:00:00+00:00,2.4220108695652174,2.1024715320910974,1.535856625258799,14.059198153899242,970.3626035196687,7.689145531400967,405.95707255003447,49.95727290372671,87.76875232919255,36.3,2.71,-5.9313659214410563e-05
2013-11-10 00:00:00+00:00,2.2275595238095236,1.67625,1.3991666666666664,12.41905753968254,962.7783134920635,6.491865079365079,405.9967827380952,52.65296488095238,122.85835238095238,36.6,1.97,9.78186876048337e-05
2013-11-17 00:00:00+00:00,3.0663690476190477,2.383630952380952,1.8544642857142857,10.528174603174604,977.3531547619049,1.9635515873015872,405.9817658730159,54.72158928571429,111.96283928571428,0.0,0.9299999999999999,-3.698764551296474e-05
2013-11-24 00:00:00+00:00,2.4159608843537415,2.473724489795918,2.0438945578231293,9.52265873015873,960.6602636054422,2.520283446712018,405.9576547619048,42.38715034013605,85.03775221088436,22.299999999999997,0.4,-5.938964046636741e-05
2013-12-01 00:00:00+00:00,2.8232142857142857,2.6842261904761906,2.061309523809524,8.373214285714285,980.1035714285714,-2.5321428571428575,405.9377083333333,33.96733928571429,80.5941011904762,10.7,2.16,-4.913425904773394e-05
2013-12-08 00:00:00+00:00,2.689285714285714,2.4440476190476192,1.8806547619047618,7.3209325396825395,980.6913690476191,-1.169890873015873,405.90994047619046,27.990482142857143,59.96927380952381,7.1000000000000005,2.43,-6.840423191245559e-05
2013-12-15 00:00:00+00:00,3.0690476190476192,3.0369047619047618,2.1940476190476192,6.490575396825397,984.6078373015872,-0.93640873015873,405.8943849206349,24.14643452380952,58.388041666666666,0.7999999999999999,1.08,-3.8322677038515884e-05
2013-12-22 00:00:00+00:00,2.798809523809524,2.932142857142857,2.1023809523809525,6.130357142857143,978.8905753968255,1.3386904761904763,405.8633234126984,20.678738095238096,44.93632142857143,0.5,0.92,-7.65260843472726e-05
2013-12-29 00:00:00+00:00,2.4657738095238098,2.4732142857142856,1.7479166666666666,6.098809523809523,961.4005952380952,2.760813492063492,405.8243948412698,18.26402380952381,47.504910714285714,28.1,1.48,-9.591547001897016e-05
2014-01-05 00:00:00+00:00,2.5228002070393374,2.359006211180124,1.9508410973084886,5.768847049689441,968.7190670289855,1.889604899930987,405.79628429089024,17.786149327122153,45.42840476190476,21.2,0.99,-6.926776885984864e-05
2014-01-12 00:00:00+00:00,2.5052018633540376,2.125569358178054,1.6520186335403726,5.875746204278813,972.6390066425121,3.817323585231194,405.75204537612143,17.44391847826087,45.9343483436853,3.4,1.15,-0.00010901754521019935
2014-01-19 00:00:00+00:00,2.2239259834368528,2.20139751552795,1.5382246376811592,5.870374396135266,961.2083988957902,3.039759316770187,405.81714354727404,18.870016563146997,54.735310559006216,11.3,0.25,0.00016043830682921367
2014-01-26 00:00:00+00:00,2.2239906832298137,1.7943581780538302,1.5765786749482402,5.580797101449276,965.5943702553485,1.0005572808833676,405.76442305037955,18.554551501035196,67.82817494824016,10.4,0.38,-0.00012991195106659692
2014-02-02 00:00:00+00:00,2.656754658385093,2.4305771221532093,1.8383540372670808,5.241036922015184,958.1974680814354,-0.4650940303657694,405.7237059178744,17.047614130434784,52.893109730848856,12.399999999999999,0.84,-0.00010034672877201611
2014-02-09 00:00:00+00:00,2.2794642857142855,2.2410714285714284,1.5613095238095238,5.2363888888888885,959.9523015873016,1.4790674603174605,405.68905158730155,16.15050595238095,54.96031547619048,14.6,0.85,-8.54136203218836e-05
2014-02-16 00:00:00+00:00,2.016933751761574,1.8071919419941889,1.3981959305461316,5.284006544646844,960.1167505987903,1.7911989868411131,405.67684344752394,16.29184774388016,53.449508400316645,42.5,1.2,-3.009235701545432e-05
2014-02-23 00:00:00+00:00,2.389119352869353,2.26642094017094,1.657883089133089,5.449065934065934,970.1315710215711,2.845429385429386,405.6722195767196,16.502989285714285,60.579904792429794,12.399999999999999,1.9300000000000002,-1.1397916541255881e-05
2014-03-02 00:00:00+00:00,2.3385093167701863,2.341291407867495,1.6922101449275362,5.968396307798481,964.510606452726,2.071961697722567,405.63573757763976,16.287851190476193,57.43586620082816,17.9,2.92,-8.992974455568348e-05
2014-03-09 00:00:00+00:00,2.735074682046732,2.1298913043478263,1.5597197574682047,6.116634008675933,971.0982845312038,2.4384131913635017,405.65922920979983,17.958569653948537,48.29868903430937,4.1000000000000005,4.470000000000001,5.7913122498476355e-05
2014-03-16 00:00:00+00:00,6.1875,4.231547619047619,2.6172619047619046,6.9488095238095235,977.9258928571428,3.335714285714286,405.69089285714284,18.847916666666666,46.99393452380952,0.0,7.85,7.805479344002997e-05
2014-03-23 00:00:00+00:00,10.43392857142857,5.836309523809525,3.1312500000000005,7.477281746031745,970.137003968254,4.37281746031746,405.73914682539686,26.463625,48.33123214285714,23.5,11.389999999999999,0.0001189426952974415
2014-03-30 00:00:00+00:00,3.697101449275362,2.763017598343685,1.965553830227743,8.076539238883958,965.0819519619442,1.5149937764961057,405.8478652026028,32.26003002070393,73.85406030020704,3.1000000000000005,13.08,0.0002679514117791548
2014-04-06 00:00:00+00:00,11.635714285714286,6.065476190476191,2.898214285714286,11.022857142857143,963.7962103174603,7.393511904761904,405.8564484126984,32.79682738095238,61.888,11.3,11.39,2.1148836378159785e-05
2014-04-13 00:00:00+00:00,7.372321428571429,4.458928571428571,2.5580357142857144,11.290079365079364,971.0921626984126,5.752678571428571,405.90255952380954,37.04266666666667,63.27215476190476,14.1,17.28,0.00011361433652590236
2014-04-20 00:00:00+00:00,13.048214285714284,6.567261904761905,3.123214285714286,9.314484126984127,968.4737103174604,1.125793650793651,405.9078968253968,35.6477380952381,47.86599404761905,7.1000000000000005,20.04,1.3149218850649902e-05
2014-04-27 00:00:00+00:00,7.448977743271222,5.284575569358178,3.0892339544513456,12.834420289855071,963.8428916494133,8.64120514147688,405.91395574534164,30.980471014492757,45.57326733954451,19.9,12.07,1.4926834368766961e-05
2014-05-04 00:00:00+00:00,2.2601190476190474,1.6681547619047616,1.4127976190476192,12.959325396825395,966.0704365079365,7.671726190476191,405.973125,45.34082142857143,100.88920833333334,51.8,3.54,0.00014576797328813562
2014-05-11 00:00:00+00:00,3.326488095238095,2.7247023809523805,1.8363095238095237,13.319345238095238,968.0543154761905,8.147123015873015,405.97203869047615,54.07928869047619,94.93141964285714,29.6,14.190000000000001,-2.675816345831805e-06
2014-05-18 00:00:00+00:00,2.9053571428571425,2.3339285714285714,1.7446428571428572,12.209027777777777,972.9804563492063,5.240476190476191,406.00918650793653,57.1537380952381,111.57234523809522,26.0,13.18,9.150338919949874e-05
2014-05-25 00:00:00+00:00,5.914285714285714,3.9586309523809526,2.205952380952381,16.504166666666666,964.9425595238096,9.355753968253968,405.991994047619,59.39438690476191,86.19324404761905,25.6,29.39,-4.234500323840873e-05
2014-06-01 00:00:00+00:00,4.818452380952381,4.535714285714286,2.629761904761905,16.244940476190475,968.1676587301588,9.177182539682539,406.0003174603175,61.7203869047619,94.40418452380952,25.400000000000002,12.620000000000001,2.0501420768148648e-05
2014-06-08 00:00:00+00:00,11.720833333333333,6.879166666666667,3.6714285714285713,18.086805555555554,968.152876984127,11.377579365079365,405.9863492063492,49.158273809523806,75.48849404761904,6.6000000000000005,26.84,-3.440453952274769e-05
2014-06-15 00:00:00+00:00,31.879166666666666,13.991666666666665,6.335119047619047,22.110119047619044,971.1588293650793,14.223313492063493,405.9863392857143,51.106476190476194,74.78454166666667,49.0,30.7,-2.4435882983731005e-08
2014-06-22 00:00:00+00:00,61.82053571428571,26.86190476190476,10.948214285714286,20.174305555555552,969.0810515873015,9.551785714285714,405.9676587301587,45.9453630952381,60.51391666666666,1.2000000000000002,33.849999999999994,-4.601276877558291e-05
2014-06-29 00:00:00+00:00,20.81517857142857,26.416071428571428,15.7125,21.512301587301586,966.6688492063493,12.588888888888889,405.98267857142855,45.961529761904764,68.34472023809523,74.4,16.66,3.69976300991226e-05
2014-07-06 00:00:00+00:00,3.8086309523809523,2.9943452380952382,2.4020833333333336,21.19940476190476,969.0970238095239,13.522916666666669,406.01673611111113,64.63667857142858,99.4587142857143,41.900000000000006,18.35,8.388914473500542e-05
2014-07-13 00:00:00+00:00,3.039819500674764,2.4693102949681895,1.7571018893387313,19.913778034830667,965.6301286067734,13.913278388278389,406.0923386591479,84.28312755446306,175.78555586080589,74.6,4.73,0.00018620549675096854
2014-07-20 00:00:00+00:00,7.614880952380952,4.764285714285714,2.444642857142857,21.682142857142853,969.8525793650795,14.895436507936507,406.0908035714286,95.1925476190476,179.47255357142856,7.199999999999999,31.97,-3.780144497200766e-06
2014-07-27 00:00:00+00:00,5.423511904761905,3.9970238095238093,2.3574404761904764,21.505555555555556,966.4125992063491,15.564781746031747,406.13259920634925,85.39613690476189,220.11100595238096,64.8,9.5,0.00010292189469218727
2014-08-03 00:00:00+00:00,3.822916666666667,3.332738095238095,2.0708333333333333,21.67678571428571,964.3322420634921,16.11279761904762,406.1125595238095,111.9753630952381,208.00060714285715,27.900000000000002,9.55,-4.93427087087106e-05
2014-08-10 00:00:00+00:00,5.238095238095238,4.6934523809523805,2.798809523809524,22.543849206349204,967.8730158730159,15.729166666666666,406.07269841269846,92.82620238095238,148.84449404761904,14.0,14.0,-9.815286470771234e-05
2014-08-17 00:00:00+00:00,2.8806547619047618,2.430654761904762,1.963095238095238,20.92936507936508,968.1151785714285,11.740376984126984,406.07205357142857,68.25833333333334,146.790625,48.7,9.64,-1.5879946433372538e-06
2014-08-24 00:00:00+00:00,5.66547619047619,4.8184523809523805,2.6875,19.596230158730158,968.3419642857143,10.241468253968254,406.0336011904762,56.32517857142857,98.86489880952381,7.9,12.719999999999999,-9.469349248292236e-05
2014-08-31 00:00:00+00:00,3.457142857142857,3.3267857142857147,2.244047619047619,19.600099206349206,968.6288690476191,13.886408730158731,406.04931547619043,55.89763095238095,107.75101785714287,25.9,6.0,3.8701934194973475e-05
2014-09-07 00:00:00+00:00,4.998214285714285,3.6404761904761904,2.2160714285714285,19.46944444444444,968.8192460317459,13.630753968253968,406.0845833333333,78.94463095238096,151.6117023809524,4.4,10.67,8.685609308689557e-05
2014-09-14 00:00:00+00:00,11.586309523809524,6.592559523809524,3.4764880952380954,20.1359126984127,969.0197420634921,13.365228174603175,406.04610615079366,62.414651785714284,101.21928869047619,38.5,6.43,-9.475164563943483e-05
2014-09-21 00:00:00+00:00,15.247619047619049,8.2875,4.514285714285714,19.664583333333333,967.0766865079365,15.245833333333334,406.0177281746032,52.6936130952381,85.95551785714285,39.6,7.08,-6.988855639944447e-05
2014-09-28 00:00:00+00:00,3.249404761904762,2.6214285714285714,1.9267857142857143,18.582936507936505,973.6702380952381,10.01656746031746,406.06969246031747,57.12452976190475,114.32104166666667,9.0,8.24,0.00012798526297830293
2014-10-05 00:00:00+00:00,4.180952380952381,3.588690476190476,2.414880952380952,18.549404761904757,975.1163690476191,13.69295634920635,406.01181547619046,47.9065,83.92117261904762,45.8,4.46,-0.00014252968197736582
2014-10-12 00:00:00+00:00,3.9255952380952377,3.2907738095238095,2.215178571428571,18.08878968253968,965.0394841269841,13.679662698412699,405.9715773809524,35.556714285714285,68.1675119047619,21.5,4.51,-9.910572477023205e-05
2014-10-19 00:00:00+00:00,2.888690476190476,2.71875,2.0238095238095237,17.57857142857143,966.9146825396826,12.962301587301587,405.9589186507937,41.09346428571428,59.86844047619048,10.3,3.9600000000000004,-3.118132121560091e-05
2014-10-26 00:00:00+00:00,2.7568333333333332,2.165047619047619,1.9173690476190477,15.113380952380952,972.909515873016,8.067134920634922,405.98905277777783,50.624568333333336,107.13643214285715,25.200000000000003,3.27,7.422949860114159e-05
2014-11-02 00:00:00+00:00,5.04047619047619,3.9529761904761904,2.6172619047619046,14.142162698412696,974.2184523809523,8.069543650793651,405.999880952381,60.59652380952381,92.202625,0.0,3.51,2.667109994480832e-05
2014-11-09 00:00:00+00:00,4.0375,2.975892857142857,2.193452380952381,13.229761904761904,960.3842261904762,5.727380952380953,405.9733829365079,59.11539880952381,105.87667261904762,29.6,3.45,-6.526606808576751e-05
2014-11-16 00:00:00+00:00,2.8791666666666664,2.4223214285714287,1.8949404761904762,12.294246031746031,959.9615079365079,7.513293650793651,405.98876984126986,59.72814880952381,112.7739880952381,49.7,0.94,3.790126498115498e-05
2014-11-23 00:00:00+00:00,2.932738095238095,2.4404761904761902,1.8961309523809524,11.657837301587302,969.2782738095239,5.537400793650794,405.99125,62.257220238095236,129.30231547619047,5.3,1.1,6.10893432129167e-06
2014-11-30 00:00:00+00:00,4.6815476190476195,3.982142857142857,2.7130952380952382,10.987301587301587,965.8451388888889,5.9969246031746035,405.9560515873016,50.71252976190476,84.04033928571428,0.0,0.61,-8.669746625911134e-05
2014-12-07 00:00:00+00:00,4.945238095238095,4.456547619047619,2.724404761904762,9.719146825396825,966.0695436507937,2.8204365079365084,405.9251488095238,44.39805952380952,72.64244642857143,1.3000000000000003,0.4,-7.612345636176521e-05
2014-12-14 00:00:00+00:00,2.6142857142857143,2.9327380952380957,2.4416666666666664,8.690972222222223,971.1029761904762,1.9177579365079365,405.9098908730158,38.42498214285714,67.95683928571428,2.8000000000000003,1.21,-3.758805423303979e-05
2014-12-21 00:00:00+00:00,2.333333333333333,1.9961309523809523,1.6675595238095238,8.408928571428572,973.209623015873,4.976488095238095,405.906378968254,36.82341666666667,76.84996428571428,21.599999999999998,0.7,-8.651931970082849e-06
2014-12-28 00:00:00+00:00,2.5738095238095235,2.095833333333333,1.7860119047619047,7.635515873015874,973.8877976190475,0.4274801587301586,405.8556448412699,34.40686904761905,66.91351785714286,26.3,1.22,-0.00012498972574181977
2015-01-04 00:00:00+00:00,1.7013050872522923,1.4671935078379177,1.5263938183969241,6.340673370797594,984.3581343044464,-0.8958740017746228,405.8569986690328,31.593262866015973,79.5106174208814,29.5,0.35,3.3357371767017696e-06
2015-01-11 00:00:00+00:00,2.8279761904761904,2.475595238095238,2.199107142857143,6.395734126984126,979.9707341269841,1.8057539682539683,405.8996130952381,51.42839285714285,114.09974999999999,10.0,1.03,0.00010499862351776024
2015-01-18 00:00:00+00:00,1.975595238095238,1.594047619047619,1.5553571428571427,6.043452380952381,968.4380952380952,0.9366071428571426,405.90800595238096,55.49275,119.73736904761905,25.7,0.75,2.0677174533023646e-05
2015-01-25 00:00:00+00:00,2.6464285714285714,2.1485119047619046,1.7833333333333334,5.816468253968254,967.6737103174603,-0.575297619047619,405.8332043650794,44.63254761904762,101.77875595238095,6.2,0.22,-0.00018428211861964972
2015-02-01 00:00:00+00:00,1.8714285714285714,1.9357142857142857,1.880357142857143,5.374206349206349,955.3808531746033,-0.9554563492063493,405.7901488095238,36.75257142857142,80.13307142857143,28.4,0.47,-0.00010609175171583107
2015-02-08 00:00:00+00:00,2.273214285714286,2.0872023809523808,1.8464285714285715,4.848194444444444,964.297380952381,-4.226269841269841,405.7312003968254,28.563970238095237,70.61775,6.4,0.45,-0.00014526822021521113
2015-02-15 00:00:00+00:00,3.1922619047619043,2.9904761904761905,2.4416666666666664,4.678174603174603,972.7899801587301,-1.748015873015873,405.7009226190476,23.81733333333333,57.93005357142857,0.0,0.86,-7.462521429990598e-05
2015-02-22 00:00:00+00:00,1.8089285714285714,2.1889880952380953,2.1583333333333337,4.922321428571429,972.4900793650794,-0.7745039682539684,405.68177579365073,22.822345238095238,58.40103571428572,6.7,1.69,-4.719443395218015e-05
2015-03-01 00:00:00+00:00,1.5351190476190477,1.0520833333333333,1.2651785714285715,4.914484126984127,966.1886904761905,0.535515873015873,405.6927182539683,22.54332738095238,68.93835714285714,29.0,2.08,2.6973014245257332e-05
2015-03-08 00:00:00+00:00,2.3089285714285714,1.7833333333333332,1.6851190476190478,5.163492063492064,978.339384920635,0.36349206349206364,405.75244047619043,27.50101785714286,98.02699404761904,18.7,5.28,0.00014721048600319087
2015-03-15 00:00:00+00:00,5.251190476190476,3.8404761904761906,2.5904761904761906,6.15625,974.762003968254,0.5166666666666667,405.7412003968254,27.998226190476192,70.17454166666667,0.0,8.28,-2.7701815796477014e-05
2015-03-22 00:00:00+00:00,7.404761904761905,4.674702380952381,3.010416666666667,6.770734126984126,971.6256944444443,3.275793650793651,405.7768849206349,28.92570238095238,66.07011904761904,9.6,8.53,8.79489777587672e-05
2015-03-29 00:00:00+00:00,2.7594461697722568,2.5585662525879918,1.8414337474120084,6.518953342206447,965.1257043034605,3.834786922015183,405.83867482500244,32.82488819875776,75.70188457556935,16.6,6.68,0.00015227556488239813
2015-04-05 00:00:00+00:00,1.5419642857142857,1.3239583333333333,1.375595238095238,5.386170634920634,968.4061111111112,2.7372916666666667,405.98734424603174,61.395419642857135,157.43211607142857,75.7,4.15,0.00036632640073896994
2015-04-12 00:00:00+00:00,5.536680643917486,3.768299354154617,2.307983902062849,7.66856403830088,979.1013149861835,0.9361627225114066,405.9624726881306,55.239391507615196,112.73972099720456,0.0,22.88,-6.126190447464097e-05
2015-04-19 00:00:00+00:00,11.666369047619048,5.46547619047619,2.682142857142857,10.837896825396825,972.9787698412699,5.495982142857144,405.95679563492064,58.43371428571429,100.54583333333333,36.6,20.66,-1.3984182262949396e-05
2015-04-26 00:00:00+00:00,9.133333333333333,5.05,2.4360119047619047,11.201785714285714,969.8848214285714,4.5874999999999995,405.9607936507936,65.86218452380953,97.97534523809523,5.7,27.27,9.848377748422621e-06
2015-05-03 00:00:00+00:00,4.284821428571428,2.7705357142857143,1.7976190476190474,12.18799603174603,963.4506944444445,8.793055555555556,406.0191150793651,77.02989880952381,168.950125,153.3,7.42,0.0001436627119753009
2015-05-10 00:00:00+00:00,3.3577380952380955,2.8666666666666667,1.9976190476190478,14.165178571428571,969.3287698412698,10.609126984126984,406.1564484126984,137.12180357142856,242.95476785714285,35.4,13.489999999999998,0.0003382435167034181
2015-05-17 00:00:00+00:00,6.926488095238095,4.639285714285714,2.5315476190476187,15.42531746031746,971.3176388888888,10.218055555555555,406.0627579365079,113.5407738095238,159.83116666666666,25.2,23.119999999999997,-0.00023067583084457333
2015-05-24 00:00:00+00:00,3.491964285714286,2.9119047619047618,1.9913690476190475,15.350436507936507,969.474384920635,7.920972222222223,406.0589146825397,98.01089880952381,152.11830952380953,7.800000000000001,7.800000000000001,-9.464679764703554e-06
2015-05-31 00:00:00+00:00,4.277083333333333,3.256845238095238,2.074404761904762,16.096686507936507,969.1670634920634,8.787857142857144,406.0442063492064,82.95661904761904,142.18157142857143,0.4,21.74,-3.6222165802790585e-05
2015-06-07 00:00:00+00:00,20.048214285714288,7.819642857142858,3.3970238095238097,18.897321428571427,973.1577380952382,14.750099206349207,406.0183928571428,75.63933333333333,102.2448869047619,0.30000000000000004,30.8,-6.357310770577218e-05
2015-06-14 00:00:00+00:00,7.07827380952381,4.260714285714285,2.3232142857142857,20.04345238095238,968.6113888888888,14.080535714285714,406.02503174603174,86.88979761904761,117.90308333333334,9.0,15.600000000000001,1.6351202324127456e-05
2015-06-21 00:00:00+00:00,4.228869047619048,3.2440476190476195,2.157142857142857,19.43069444444444,970.8023611111112,12.120238095238095,406.04748015873014,94.21748214285715,140.70472619047618,12.5,8.209999999999999,5.528824812062183e-05
2015-06-28 00:00:00+00:00,5.953273809523809,4.0565476190476195,2.3282738095238096,19.36547619047619,971.1550595238095,10.990059523809522,406.08304960317463,118.00694642857142,177.51076785714287,4.4,30.65,8.759922467826975e-05
2015-07-05 00:00:00+00:00,44.94880952380952,13.551190476190476,4.657738095238095,23.64873015873016,972.624623015873,16.790873015873014,406.0270793650794,81.79448214285715,112.89900000000002,0.0,44.05,-0.00013782953548524546
2015-07-12 00:00:00+00:00,61.67440476190476,29.639880952380953,9.873214285714285,24.424722222222222,970.3017857142858,13.815793650793651,406.00613095238094,62.085904761904764,83.34235714285714,4.4,33.17,-5.1593634422530954e-05
2015-07-19 00:00:00+00:00,68.73333333333333,61.280952380952385,16.68095238095238,24.313690476190477,970.1503968253968,15.39345238095238,405.97548611111114,46.800220238095235,59.299440476190476,3.0,33.25,-7.547876481062143e-05
2015-07-26 00:00:00+00:00,58.976190476190474,72.11785714285715,26.98392857142857,25.794543650793653,966.8899801587302,15.958829365079364,405.973125,39.304624999999994,50.99149404761904,16.200000000000003,23.61,-5.8158957669807165e-06
2015-08-02 00:00:00+00:00,48.99702380952381,63.94940476190476,29.53988095238095,22.13015873015873,966.5925595238095,11.764781746031746,405.95981150793654,32.33516071428571,45.5131011904762,15.799999999999999,14.53,-3.279402315969904e-05
2015-08-09 00:00:00+00:00,44.53928571428571,54.11964285714286,31.13571428571429,24.027380952380952,969.2548611111112,17.2390873015873,405.92555555555555,27.872386904761903,44.264880952380956,8.4,30.9,-8.438261968279903e-05
2015-08-16 00:00:00+00:00,39.882738095238096,58.38809523809523,36.09464285714286,24.352182539682538,966.9837301587302,16.982738095238094,405.88905753968254,29.409369047619048,43.64436309523809,22.0,14.51,-8.991307734507181e-05
2015-08-23 00:00:00+00:00,14.839285714285714,24.026190476190475,27.675892857142856,22.614087301587297,969.6965277777779,12.555853174603174,405.9108928571428,34.03049404761905,45.47989880952381,19.5,14.35,5.379627032220391e-05
2015-08-30 00:00:00+00:00,11.07886904761905,8.772619047619047,10.07202380952381,22.731944444444444,969.1946428571429,15.090575396825399,405.9485714285714,33.57152976190476,43.35178571428571,13.9,24.740000000000002,9.282473590044305e-05
2015-09-06 00:00:00+00:00,28.01309523809524,17.693749999999998,11.703869047619047,22.978373015873014,969.1023809523809,11.971031746031747,405.97239087301585,30.204136904761903,48.529714285714284,24.200000000000003,10.88,5.8676014945913124e-05
2015-09-13 00:00:00+00:00,29.85238095238095,21.70654761904762,17.348214285714285,20.464930555555554,970.5038591269841,9.683353174603173,405.8877361111111,28.439410714285714,46.005738095238094,1.7,17.29,-0.00020852344594834982
2015-09-20 00:00:00+00:00,22.995238095238097,22.414285714285715,19.306547619047617,19.63015873015873,965.4656746031745,11.177876984126984,405.85186507936504,33.84346428571428,45.060875,11.200000000000001,5.46,-8.837673217165776e-05
2015-09-27 00:00:00+00:00,8.394642857142857,16.451785714285712,19.438690476190477,18.36329365079365,970.192757936508,8.92827380952381,405.9097023809524,40.82371428571428,45.60292857142857,12.100000000000001,6.859999999999999,0.00014250840408491783
2015-10-04 00:00:00+00:00,14.520833333333332,14.873809523809525,17.19702380952381,16.78640873015873,974.7562500000001,6.817559523809524,405.9638690476191,37.37339285714285,49.160333333333334,2.1,9.84,0.000133445114391062
2015-10-11 00:00:00+00:00,9.560119047619049,13.086904761904762,17.0125,16.628869047619048,966.8588293650794,10.495932539682538,405.941875,32.52890476190476,53.96682738095238,10.0,2.49,-5.4177352459272576e-05
2015-10-18 00:00:00+00:00,3.3601190476190474,4.316666666666666,11.724404761904763,14.906547619047618,967.3448412698414,5.118253968253968,405.94364087301585,35.421970238095234,54.40205952380952,18.6,1.8900000000000001,4.350063702807105e-06
2015-10-25 00:00:00+00:00,4.277500000000001,3.1356428571428574,2.104452380952381,13.503416666666668,972.9009007936509,6.185198412698412,405.9670587301588,35.859500714285716,69.80699238095238,0.0,3.24,5.768745900924799e-05
2015-11-01 00:00:00+00:00,4.788095238095238,3.8148809523809524,2.7357142857142853,13.360119047619047,973.0386309523809,8.548988095238096,405.9122380952381,29.49045833333333,51.08898214285715,8.4,2.11,-0.00013503715077811673
2015-11-08 00:00:00+00:00,5.766666666666667,4.191071428571428,2.7958333333333334,12.892956349206349,977.139880952381,8.040674603174603,405.8826884920635,24.38904761904762,42.15736904761905,0.0,4.59,-7.279801001625064e-05
2015-11-15 00:00:00+00:00,8.194642857142856,5.288095238095238,3.3077380952380957,12.81498015873016,979.4637896825396,7.5749007936507935,405.857251984127,19.886833333333332,37.858226190476195,1.1,2.69,-6.266960542467004e-05
2015-11-22 00:00:00+00:00,7.097619047619048,4.633630952380953,2.9925595238095233,11.900793650793648,966.7871031746032,5.682638888888889,405.85552579365077,21.329595238095237,47.99607738095238,37.1,2.95,-4.253196087544708e-06
2015-11-29 00:00:00+00:00,2.7547619047619043,2.3032738095238097,1.8782738095238096,9.734424603174602,970.1946428571429,-0.042142857142857135,405.9378194444444,35.54859523809524,70.98225000000001,16.099999999999998,1.46,0.00020276587495682286
2015-12-06 00:00:00+00:00,3.832142857142857,3.144047619047619,2.2910714285714286,8.697519841269841,982.2782242063493,3.695089285714286,405.92863591269844,34.77702380952381,70.11782738095238,0.0,1.03,-2.2623001124988384e-05
2015-12-13 00:00:00+00:00,3.454761904761905,2.7110119047619046,2.180357142857143,8.136210317460316,982.7760912698412,2.4139880952380954,405.91221230158726,32.00630952380952,61.93330952380952,5.1,1.48,-4.045935580343496e-05
2015-12-20 00:00:00+00:00,3.6529761904761906,3.0648809523809524,2.4041666666666663,7.790972222222223,977.8334325396826,4.291269841269842,405.8848511904762,32.968648809523806,54.34641071428571,2.1,0.79,-6.7406474311138e-05
2015-12-27 00:00:00+00:00,3.3458333333333337,2.544642857142857,2.1476190476190475,7.662936507936508,982.1237698412698,4.572281746031746,405.8525257936508,27.643738095238096,55.88118452380952,1.3,1.67,-7.96417918298431e-05
2016-01-03 00:00:00+00:00,3.504684265010352,3.0076604554865427,2.3964026915113874,7.187370600414078,973.6664553140097,2.5200439958592136,405.7922097135956,19.84303804347826,39.63158695652174,14.5,0.26,-0.0001486157562706758
2016-01-10 00:00:00+00:00,1.8910714285714287,1.9044642857142855,1.488095238095238,6.923611111111112,953.3364087301587,3.7619047619047623,405.81782738095234,18.68282738095238,64.97227380952381,11.7,0.31,6.313001270985552e-05
2016-01-17 00:00:00+00:00,2.6130952380952377,2.143452380952381,1.7875,6.380357142857142,964.5588293650793,-0.7753968253968253,405.822748015873,22.033154761904765,81.17709523809523,29.5,0.37,1.2125231048765173e-05
2016-01-24 00:00:00+00:00,2.9607142857142854,2.543452380952381,2.269047619047619,5.4771825396825395,976.3507936507938,-1.352480158730159,405.77115079365075,23.085755952380957,57.42910714285715,2.0,0.53,-0.00012714226216870017
2016-01-31 00:00:00+00:00,2.3964285714285714,1.7687499999999996,1.6547619047619049,5.8875198412698415,977.3654166666666,4.125019841269841,405.77182738095235,24.974994047619045,66.21889285714286,31.400000000000002,0.76,1.667411052341805e-06
2016-02-07 00:00:00+00:00,2.5279761904761906,1.9955357142857142,1.6922619047619047,5.9373015873015875,973.5886904761904,3.7467261904761906,405.9072916666667,51.579035714285716,144.7740238095238,26.6,0.79,0.0003338434966979609
2016-02-14 00:00:00+00:00,2.455357142857143,2.1023809523809525,1.868452380952381,5.683928571428571,953.3185515873016,1.5765873015873015,405.8025793650794,41.28008333333334,103.94807738095237,31.1,1.14,-0.0002579709794258145
2016-02-21 00:00:00+00:00,2.600595238095238,2.1098214285714283,1.7857142857142858,5.479166666666666,971.4611111111111,1.553373015873016,405.7541369047619,34.03373214285715,84.20854166666666,14.299999999999999,0.77,-0.00011937445147169878
2016-02-28 00:00:00+00:00,2.3892857142857147,2.113392857142857,1.6690476190476191,5.685317460317459,963.0401785714286,1.4179563492063492,405.7798015873016,42.27907738095238,106.79465476190477,20.8,1.3800000000000001,6.325180745059278e-05
2016-03-06 00:00:00+00:00,2.1113095238095236,2.186904761904762,1.64702380952381,5.35813492063492,959.1931746031747,0.7433730158730159,405.7670833333333,40.43091071428571,100.2286904761905,35.6,1.19,-3.134274776261936e-05
2016-03-13 00:00:00+00:00,3.1273809523809524,2.7967261904761904,1.9726190476190477,5.493948412698413,967.3616071428571,0.05347222222222214,405.7596031746031,36.75465476190476,85.40964880952382,6.800000000000001,4.24,-1.8434611966822168e-05
2016-03-20 00:00:00+00:00,4.356547619047619,3.880357142857143,2.5976190476190477,5.940873015873016,971.776488095238,0.5755952380952382,405.76950396825396,31.79189880952381,65.57025595238096,1.1,7.55,2.4400639130561785e-05
2016-03-27 00:00:00+00:00,5.925828157349897,4.258540372670807,2.9987836438923394,6.038583875579216,966.3970318199744,2.2922089125505276,405.7900155895692,29.393157867494825,60.697108954451345,6.0,5.279999999999999,5.054993318776013e-05
2016-04-03 00:00:00+00:00,5.1875,4.376190476190476,3.1333333333333333,7.242757936507936,964.1130952380952,6.365575396825397,405.8282837301587,31.53109523809524,53.34104166666667,0.7,9.04,9.43052788864307e-05
2016-04-10 00:00:00+00:00,6.042261904761905,5.510714285714286,3.538095238095238,7.876587301587302,962.625992063492,6.252876984126985,405.9174206349207,53.25535714285714,78.6160119047619,14.8,7.800000000000001,0.0002196419232851632
2016-04-17 00:00:00+00:00,4.399404761904761,4.423214285714286,3.419047619047619,9.994047619047619,962.2234126984127,7.748115079365079,405.93323412698413,48.90141071428572,76.74942261904762,46.7,7.97,3.8957411679252374e-05
2016-04-24 00:00:00+00:00,3.1583333333333337,2.6044642857142857,1.9005952380952382,10.419742063492063,970.3898809523808,5.652777777777778,405.98257936507935,59.15157738095238,132.89301785714287,40.900000000000006,12.03,0.0001215599856003724
2016-05-01 00:00:00+00:00,3.4338095238095243,2.8551190476190476,2.0115476190476187,8.68047619047619,965.7978373015874,1.8466865079365082,405.97747619047624,57.52113214285714,116.84112142857144,32.5,13.15,-1.256993492448899e-05
2016-05-08 00:00:00+00:00,3.661309523809524,2.8217261904761903,1.9238095238095239,12.057539682539682,969.8421626984127,5.533333333333333,405.98348214285716,51.17865476190476,105.19754166666667,2.4,28.86,1.4793806881296945e-05
2016-05-15 00:00:00+00:00,5.532440476190476,3.432142857142857,2.1386904761904764,13.519880952380953,960.0356150793651,9.302499999999998,406.0897023809524,81.35684523809525,163.51251785714288,89.5,8.59,0.0002616368467371899
2016-05-22 00:00:00+00:00,3.8675595238095233,3.1410714285714283,2.075,13.197123015873016,968.894126984127,7.835575396825397,406.1631845238095,106.9972380952381,211.66071428571428,15.6,18.25,0.00018095052010980162
2016-05-29 00:00:00+00:00,3.9127976190476192,3.4154761904761908,2.211309523809524,15.173809523809524,965.600376984127,11.486607142857142,406.06614087301585,98.84622023809524,163.1954226190476,44.5,13.2,-0.00023892773764666586
2016-06-05 00:00:00+00:00,3.2214285714285715,2.90625,1.9875,16.3155753968254,964.7189484126985,12.783333333333333,406.08443452380953,112.0372380952381,179.90445833333334,46.7,5.33,4.5050914007083165e-05
2016-06-12 00:00:00+00:00,4.042261904761904,3.3997023809523808,2.1976190476190474,18.244642857142857,968.2481150793652,13.705555555555554,406.116875,120.84806547619048,204.70782738095235,44.9,14.280000000000001,7.98860370714305e-05
2016-06-19 00:00:00+00:00,2.7386904761904765,2.488988095238095,1.9145833333333333,17.676289682539682,962.6209325396825,12.035218253968255,406.22140277777777,155.58182738095235,250.0146369047619,74.9,6.1899999999999995,0.00025738348788828525
2016-06-26 00:00:00+00:00,3.716964285714286,3.0282738095238093,2.0767857142857142,19.839781746031747,972.2643849206349,16.053472222222222,406.2506845238095,151.99772023809524,256.79259523809526,32.1,17.94,7.20832182439235e-05
2016-07-03 00:00:00+00:00,5.910714285714286,4.870238095238095,2.876190476190476,20.925892857142856,970.7056349206349,14.365654761904763,406.05754960317466,106.59413095238095,164.90198214285715,38.9,20.92,-0.0004754082343547683
2016-07-10 00:00:00+00:00,16.504761904761903,7.418452380952381,3.9375,20.889999999999997,971.3260912698413,13.864285714285714,406.0155952380952,77.6696488095238,111.13056547619047,0.0,33.58,-0.00010332122902390051
2016-07-17 00:00:00+00:00,9.652083333333334,4.236011904761904,2.6336309523809525,21.98545634920635,972.2824404761905,12.981369047619046,406.08274206349205,94.3476011904762,174.68823214285712,104.69999999999999,16.259999999999998,0.00016537991689080656
2016-07-24 00:00:00+00:00,16.11517857142857,7.113988095238095,3.5904761904761906,24.03293650793651,970.4920634920635,17.172123015873016,406.0589682539682,90.3094880952381,133.9500476190476,3.8,24.51,-5.8544249881276045e-05
2016-07-31 00:00:00+00:00,5.946428571428571,3.856845238095238,2.4488095238095235,24.286626984126986,969.7562103174604,16.612817460317462,406.05471626984126,70.7281488095238,131.00866666666667,47.2,16.86,-1.0471346428397865e-05
2016-08-07 00:00:00+00:00,5.714583333333333,4.211607142857143,3.011011904761905,23.243313492063493,972.5904761904761,14.168789682539682,406.05484920634916,72.07392261904762,127.70845833333331,28.7,18.79,3.273857009933323e-07
2016-08-14 00:00:00+00:00,4.564880952380952,3.5116071428571423,2.680059523809524,22.1984126984127,975.0385912698413,13.179414682539683,406.06348214285714,78.82143452380953,116.84260119047619,10.299999999999999,19.01,2.1260518190624467e-05
2016-08-21 00:00:00+00:00,6.835119047619047,4.11577380952381,2.7479166666666663,23.650892857142853,968.1499007936509,16.148015873015872,406.0413293650794,63.391464285714285,101.47890476190477,28.3,12.5,-5.4554961851915884e-05
2016-08-28 00:00:00+00:00,7.359523809523809,4.423809523809524,2.7979166666666666,23.45029761904762,973.5491071428571,16.422440476190477,406.01551984126985,56.19290476190476,92.09686309523809,0.5,27.27,-6.356378511984673e-05
2016-09-04 00:00:00+00:00,14.455357142857142,7.022619047619047,4.118452380952381,24.01547619047619,972.7371031746032,15.43531746031746,405.98342261904764,43.558547619047616,61.63995833333333,12.0,11.55,-7.90541756501284e-05
2016-09-11 00:00:00+00:00,5.902083333333333,3.7163690476190476,2.8139880952380953,22.932142857142853,971.1672817460318,14.953115079365078,406.0239702380953,54.424482142857144,79.75775595238096,20.1,17.15,9.987506087338893e-05
2016-09-18 00:00:00+00:00,19.837500000000002,7.251785714285715,3.868154761904762,22.982440476190476,966.968869047619,14.579027777777778,405.9822222222223,47.170946428571426,61.103291666666664,10.0,9.9,-0.00010282155471885712
2016-09-25 00:00:00+00:00,7.990476190476191,7.6065476190476184,5.123809523809524,20.31950396825397,972.4734722222222,11.585873015873016,406.00901785714285,47.700654761904765,66.81747023809524,11.3,5.75,6.600199086026493e-05
2016-10-02 00:00:00+00:00,14.595238095238097,8.766666666666667,5.704761904761905,19.802956349206347,973.0672619047618,12.021190476190478,405.9840376984127,38.526172619047614,60.79420238095238,4.6,9.18,-6.152611797149987e-05
2016-10-09 00:00:00+00:00,11.94404761904762,10.326190476190476,6.721428571428572,17.689781746031745,973.744742063492,6.181349206349206,405.940634920635,28.79585714285714,52.86352380952381,4.9,6.02,-0.00010690759672171701
2016-10-16 00:00:00+00:00,12.255952380952381,10.776785714285714,7.495833333333333,15.23472222222222,967.5360119047618,6.076091269841269,405.9122420634921,22.756744047619048,41.51546428571429,2.5,3.04,-6.994337275056939e-05
2016-10-23 00:00:00+00:00,5.75952380952381,9.126190476190477,7.975595238095238,14.34017857142857,969.9172123015873,7.288095238095238,405.87235119047625,21.484398809523807,42.40378571428572,19.9,2.92,-9.82746241233734e-05
2016-10-30 00:00:00+00:00,3.097190476190476,3.4356666666666666,4.050654761904762,13.542432539682538,978.6797380952382,9.026115079365079,405.9066023809524,23.23850571428571,56.28189357142857,42.599999999999994,1.75,8.438907054308942e-05
2016-11-06 00:00:00+00:00,4.692559523809524,3.6499999999999995,2.8711309523809523,12.675496031746032,968.0224206349206,5.71438492063492,405.8858234126984,21.090238095238096,43.15552976190476,39.0,2.56,-5.119150103027881e-05
2016-11-13 00:00:00+00:00,2.418452380952381,1.886607142857143,2.0654761904761902,11.217361111111112,965.849007936508,1.965079365079365,405.94385912698414,21.41722619047619,77.47100595238096,56.7,1.32,0.00014298531985601493
2016-11-20 00:00:00+00:00,2.920238095238095,2.472916666666667,2.395833333333333,10.124305555555555,970.0861706349206,4.494781746031746,405.90896626984124,26.052535714285714,67.57348214285715,24.6,1.26,-8.5954883559336e-05
2016-11-27 00:00:00+00:00,4.124404761904762,3.450892857142857,2.8035714285714284,9.615079365079366,965.0570436507935,5.986210317460317,405.91340277777783,31.07099404761905,60.91518452380952,2.0,0.92,1.092981014272354e-05
2016-12-04 00:00:00+00:00,4.047023809523809,3.6151785714285714,2.9625,8.256051587301586,976.9024801587301,-1.2975198412698412,405.9029166666666,27.621523809523808,50.520071428571434,0.0,1.83,-2.5833369973637943e-05
2016-12-11 00:00:00+00:00,5.317261904761905,4.226785714285714,3.0678571428571426,7.447321428571429,981.6851190476191,-0.35109126984126976,405.8797420634921,23.931994047619046,51.110440476190476,0.0,1.28,-5.7093955778464434e-05
2016-12-18 00:00:00+00:00,6.024404761904762,4.688690476190476,3.3428571428571425,6.935119047619048,980.671130952381,0.08492063492063487,405.87612103174604,26.11138095238095,46.93172023809524,0.0,0.55,-8.921439950682064e-06
2016-12-25 00:00:00+00:00,6.28452380952381,5.020833333333334,3.5875,6.615972222222221,980.7348214285714,1.6470833333333332,405.8590138888889,27.35117261904762,53.35373214285715,0.3999999999999999,0.37,-4.2148680276188344e-05
2017-01-01 00:00:00+00:00,6.937681159420291,5.333359213250517,3.816123188405797,6.348451518288475,986.7685515873015,-0.25846704623878514,405.7896212905452,20.844676242236027,44.66124611801242,0.3999999999999999,0.5900000000000001,-0.00017097710280922218
2017-01-08 00:00:00+00:00,6.590079365079366,5.176208513708514,3.6883297258297256,5.522282948532949,978.8532786195286,-3.627729076479077,405.71397907647906,18.569835317460313,44.72772294372294,10.4,0.5,-0.00018640746361520133
2017-01-15 00:00:00+00:00,2.498809523809524,3.0976190476190477,2.857142857142857,5.093154761904763,967.1298809523809,-1.0288492063492063,405.677626984127,22.514255952380953,43.72094642857143,21.1,0.32,-8.96002953479913e-05
2017-01-22 00:00:00+00:00,2.4982374768089053,2.2202960729746444,2.0113327149041433,4.428350597814884,978.5999391877964,-6.042646619253762,405.67242058338485,23.515639687693263,42.971631261595554,0.3,0.33,-1.2833837500170198e-05
2017-01-29 00:00:00+00:00,3.3073650034176345,2.7768711551606287,1.9644622920938712,3.9559138850915163,974.4414199324067,-4.956464266727425,405.6488088735095,26.47700966905901,43.24634088061062,0.0,0.65,-5.820388243649166e-05
2017-02-05 00:00:00+00:00,2.3095238095238093,1.9797619047619046,1.836904761904762,4.720059523809524,963.5843055555555,3.2156150793650795,405.84420634920633,31.649886904761907,107.70279761904762,62.3,0.34,0.0004816912349365765
2017-02-12 00:00:00+00:00,2.5369047619047618,2.0482142857142858,1.879761904761905,4.703869047619048,970.4029761904761,0.41158730158730156,405.74495634920635,26.419190476190472,85.72744642857143,10.1,0.48000000000000004,-0.000244551969566853
2017-02-19 00:00:00+00:00,3.651190476190476,2.9327380952380957,2.2726190476190475,4.785119047619048,979.5442460317461,1.3207936507936506,405.6742896825397,19.84295238095238,55.89363690476191,7.8,1.77,-0.00017416523744984147
2017-02-26 00:00:00+00:00,2.8470238095238094,2.4422619047619043,2.0023809523809524,5.258849206349206,969.5176388888889,2.7846031746031743,405.6750595238095,22.279500000000002,69.29202380952381,3.7,2.66,1.897683164608921e-06
2017-03-05 00:00:00+00:00,2.8083333333333336,2.2345238095238096,1.8928571428571428,5.2643055555555565,959.037996031746,1.9787896825396827,405.68405158730155,23.886226190476187,71.95601190476191,41.8,4.16,2.2165679848695774e-05
2017-03-12 00:00:00+00:00,2.4089285714285715,1.8386904761904763,1.7517857142857143,5.498134920634921,970.2448412698412,3.4035912698412694,405.8025793650794,41.84516071428571,115.85594047619047,45.5,4.89,0.00029216770369466794
2017-03-19 00:00:00+00:00,5.003571428571428,3.369642857142857,2.4726190476190477,6.778373015873016,974.1735119047619,4.608333333333333,405.82390873015873,53.81047023809524,104.96788095238097,11.8,10.18,5.256094013184054e-05
2017-03-26 00:00:00+00:00,3.804968944099379,3.043219461697723,2.361723602484472,6.329598922902494,967.8646936310757,5.651026878142561,405.8927717391304,66.11163095238096,113.0795504658385,1.7000000000000002,5.48,0.0001696869195981776
2017-04-02 00:00:00+00:00,9.210119047619047,4.748809523809524,3.045238095238095,9.67936507936508,972.6590277777777,5.851984126984127,405.8849503968254,58.07507738095238,92.8031130952381,0.0,15.68,-1.9269479157091318e-05
2017-04-09 00:00:00+00:00,25.007738095238093,7.797023809523809,3.961904761904762,10.439325396825398,974.2835317460318,5.6810317460317465,405.9030753968254,53.536101190476195,79.72434523809524,0.6000000000000001,15.4,4.465551132715184e-05
2017-04-16 00:00:00+00:00,59.20595238095238,14.863095238095237,5.535119047619047,10.771762265512265,970.7120021645021,5.060308441558441,405.91178932178934,46.478,60.70706547619047,0.1,14.02,2.1467994435475646e-05
2017-04-23 00:00:00+00:00,11.364880952380954,11.310119047619049,7.460714285714286,9.67724567099567,976.7338113275613,0.5473304473304473,405.9314051226551,47.641708333333334,81.94817857142857,8.0,17.09,4.832527997900016e-05
2017-04-30 00:00:00+00:00,4.3220238095238095,3.4898809523809526,3.6761904761904765,10.3171626984127,964.8407738095239,3.4961309523809523,405.9534027777778,48.90620238095238,106.91620833333333,105.9,14.24,5.419057221267565e-05
2017-05-07 00:00:00+00:00,3.313690476190476,2.685714285714286,2.230952380952381,12.129365079365078,967.0596825396825,6.6552976190476185,405.97371031746036,53.46717857142857,108.86545833333334,35.2,9.68,5.002431201117652e-05
2017-05-14 00:00:00+00:00,4.288095238095238,3.019047619047619,2.3089285714285714,13.183333333333334,964.3916666666667,8.77718253968254,406.0077182539682,63.51817261904762,122.627875,26.5,12.620000000000001,8.376881468818986e-05
2017-05-21 00:00:00+00:00,5.72202380952381,3.8005952380952377,3.038095238095238,15.616666666666665,973.4559126984126,9.478730158730158,406.0228075396825,74.61052380952381,109.02383333333333,7.199999999999999,23.61,3.7165021835372514e-05
2017-05-28 00:00:00+00:00,11.70204081632653,5.740858843537415,3.6329931972789113,17.50814909297052,971.6850255102041,11.216660997732427,406.0078639455782,71.75568282312925,98.50168112244897,0.0,37.260000000000005,-3.6804814475432934e-05
2017-06-04 00:00:00+00:00,17.095833333333335,7.888690476190476,4.2386904761904765,21.609007936507936,969.3848809523809,14.921051587301589,405.9425376984127,77.81092261904762,105.55746428571429,66.2,22.89,-0.0001608989701102903
2017-06-11 00:00:00+00:00,5.016071428571428,2.3806547619047618,2.3714285714285714,18.800198412698414,968.9570436507937,10.426091269841269,405.92609126984127,75.43677380952381,103.44709523809524,2.4000000000000004,27.029999999999998,-4.0514178840878046e-05
2017-06-18 00:00:00+00:00,13.739285714285714,5.444345238095238,3.5880952380952382,20.653333333333332,971.6283928571429,13.946031746031746,405.9028948412698,64.56858333333334,80.81802976190477,17.5,26.66,-5.714446316784638e-05
2017-06-25 00:00:00+00:00,22.84702380952381,8.355357142857143,4.438690476190476,23.842678571428568,969.661507936508,16.61660714285714,405.8944841269841,56.50986904761904,70.8391369047619,1.0,30.31,-2.0721000989709637e-05
2017-07-02 00:00:00+00:00,20.211309523809522,13.473809523809523,7.077976190476191,23.494841269841267,962.7053571428571,12.958829365079366,405.9088690476191,61.85304166666667,84.1930892857143,24.099999999999998,15.59,3.544004956346214e-05
2017-07-09 00:00:00+00:00,15.847023809523808,13.872916666666665,8.123214285714285,23.423849206349207,971.0986507936508,15.171607142857143,405.9210853174603,65.87789880952381,93.18066071428572,36.3,31.88,3.0096089967068806e-05
2017-07-16 00:00:00+00:00,8.594642857142858,7.047916666666666,6.208928571428571,23.034166666666668,970.3293452380951,13.784563492063493,405.94505555555554,58.70154761904762,83.08117857142858,33.4,15.89,5.905147321061399e-05
2017-07-23 00:00:00+00:00,18.497619047619047,10.674702380952382,7.383928571428571,23.69492063492064,968.4235912698413,15.84123015873016,405.9835496031746,49.83566666666667,72.62457738095239,52.1,23.41,9.482575804842241e-05
2017-07-30 00:00:00+00:00,3.235119047619048,2.424107142857143,3.202380952380952,22.05924603174603,966.2862698412699,14.484861111111112,406.02753968253967,72.42504761904762,121.88222023809524,38.5,10.27,0.00010835433949996087
2017-08-06 00:00:00+00:00,9.141071428571427,4.220833333333333,3.2720238095238097,23.0546626984127,969.5850992063494,17.703373015873016,406.00636111111106,69.69680357142857,98.70338690476191,7.5,17.05,-5.216043090372491e-05
2017-08-13 00:00:00+00:00,10.835119047619047,4.2336309523809526,3.313690476190476,21.799444444444443,970.4218253968254,13.229305555555555,406.002251984127,63.69616666666666,97.61504761904762,32.2,10.16,-1.0120843852878814e-05
2017-08-20 00:00:00+00:00,6.072619047619047,4.323172877846791,3.31111801242236,22.73291580400276,971.8418849206348,15.3477950310559,406.01611645962737,64.21861200828157,99.18540869565217,7.199999999999999,20.17,3.414876501950381e-05
2017-08-27 00:00:00+00:00,7.191071428571428,5.654761904761905,4.089880952380953,22.764857609710553,971.1703151260505,15.779956816059757,406.0121044584501,60.30950595238095,92.31129166666668,18.4,17.62,-9.881384050114406e-06
2017-09-03 00:00:00+00:00,7.506547619047619,4.672619047619048,3.4839285714285713,22.731809056956116,969.0569070961718,14.606650326797384,406.0543062558357,62.79279761904762,133.42352976190475,39.0,13.01,0.00010394221483100985
2017-09-10 00:00:00+00:00,5.957988721804512,4.427756892230577,2.917481203007519,20.877318295739347,966.6380482456141,11.690554511278195,406.0751253132832,88.45425250626568,153.22256015037595,3.8,9.15,5.1271608567438065e-05
2017-09-17 00:00:00+00:00,2.953464590964591,1.9659057212628641,2.5046812314669458,18.56229213907785,965.7124807401593,7.985199357520786,406.05563808215595,77.29154528606315,118.25792597680096,0.0,7.92,-4.798922640780745e-05
2017-09-24 00:00:00+00:00,4.133318903318903,2.0927272727272728,2.5423376623376623,17.347549521185886,972.5860324019415,8.585894660894661,406.0442313393677,65.09940649350649,113.83519076479077,0.0,10.62,-2.8091575928201884e-05
2017-10-01 00:00:00+00:00,5.0128571428571425,4.177755102040817,2.1395918367346938,17.520204081632652,973.7931972789114,9.751530612244897,406.0105578231292,60.037510204081634,98.06314285714286,0.1,5.95,-8.293066035536256e-05
2017-10-08 00:00:00+00:00,2.215,2.317244897959184,1.3793367346938774,16.941224489795918,974.9454336734694,7.6594217687074835,406.0438112244898,63.608489795918366,115.20940357142857,0.0,5.77,8.190279961906022e-05
2017-10-15 00:00:00+00:00,5.216697012138189,3.43000700280112,2.7690394491129786,16.16383383909119,976.1918236461252,9.289316643323996,406.0016580104264,59.60453858543418,98.03360124883287,0.0,7.17,-0.00010381444784557381
2017-10-22 00:00:00+00:00,7.564321342572116,5.334622401592216,3.4397052680721414,16.129805109178175,971.7191551181876,9.308409145822072,405.93494719232723,42.84619940783331,71.29836964961423,3.2,7.720000000000001,-0.00016431168883912495
2017-10-29 00:00:00+00:00,3.435468420701614,1.2342993530745632,2.356981625983727,14.877195122493442,976.5361089713663,7.162520508203281,405.9230127006358,38.83975653894891,65.98185638422035,6.0,3.67,-2.940001045481644e-05
2017-11-05 00:00:00+00:00,3.721376811594203,2.9270962732919257,1.4931935817805382,13.100763457556935,970.913410110421,5.406444099378882,405.9222403381642,44.29685351966874,73.38955719461697,20.8,4.31,-1.9027314229758119e-06
2017-11-12 00:00:00+00:00,1.9368875732111026,1.5821498599439778,1.239013878278584,11.960688608776843,969.4019183430947,4.8380324250912485,405.9673067863509,45.02080379424497,104.97497309014514,38.9,0.69,0.00011102236760707207
2017-11-19 00:00:00+00:00,1.8707792207792209,1.8535714285714289,1.158116883116883,10.31607142857143,973.7490800865801,1.2590909090909095,405.988262987013,60.18904545454546,138.83368181818182,0.0,1.17,5.162041453043997e-05
2017-11-26 00:00:00+00:00,0.33571428571428574,1.9407142857142858,1.4623809523809523,9.36031746031746,969.7053174603174,2.4294047619047623,405.9427698412698,49.45393333333334,94.6550619047619,0.0,2.3600000000000003,-0.00011205532250735395
2017-12-03 00:00:00+00:00,0.04446428571428572,1.0916483516483517,1.7332417582417583,8.344203296703297,966.5676602564102,-1.2937042124542126,405.9414725274725,42.672042032967035,84.74191675824174,0.39999999999999997,1.6600000000000001,-3.1958046643465465e-06
2017-12-10 00:00:00+00:00,0.04285714285714283,1.706309523809524,1.9694047619047619,7.46186507936508,972.0380952380953,0.9525992063492064,405.9260178571429,43.39175833333333,82.60008690476191,1.6,0.8300000000000001,-3.807117866871934e-05
2017-12-17 00:00:00+00:00,1.3231890331890332,0.19132034632034634,0.6248196248196248,6.519415584415585,952.6771524771524,0.24887205387205422,405.97367965367965,43.289498701298704,157.2242595959596,5.9,0.94,0.00011741498312511922
2017-12-24 00:00:00+00:00,1.4307070707070706,0.5784848484848484,0.49595959595959593,6.294545454545456,956.3473063973063,1.0094612794612803,405.97924242424244,45.99234545454545,191.55851313131316,0.0,0.35000000000000003,1.370229362529507e-05
2017-12-31 00:00:00+00:00,1.7776430976430977,1.0783838383838382,0.8801346801346801,6.2104040404040415,961.036756453423,1.7140179573512915,405.9530808080808,47.65758181818182,179.81622289562287,0.0,0.95,-6.444077289624595e-05
2018-01-07 00:00:00+00:00,2.1245791245791246,1.5782828282828283,1.2643097643097643,6.126262626262627,965.7262065095398,2.4185746352413027,405.9269191919192,49.322818181818185,168.07393265993264,0.0,0.74,-6.444492577706296e-05
2018-01-14 00:00:00+00:00,2.4715151515151517,2.078181818181818,1.6484848484848484,6.042121212121212,970.4156565656566,3.123131313131314,405.9007575757576,50.988054545454546,156.33164242424246,0.0,0.5,-6.444907919300746e-05
2018-01-21 00:00:00+00:00,2.818451178451179,2.578080808080808,2.0326599326599326,5.957979797979798,975.1051066217733,3.827687991021325,405.8745959595959,52.65329090909091,144.5893521885522,0.0,0.37,-6.445323314485663e-05
2018-01-28 00:00:00+00:00,3.1653872053872054,3.077979797979798,2.4168350168350163,5.873838383838383,979.79455667789,4.5322446689113365,405.84843434343435,54.31852727272727,132.84706195286196,0.0,0.43,-6.445738763161124e-05
2018-02-04 00:00:00+00:00,2.8287337662337664,2.8287337662337664,2.2522186147186147,5.628382034632034,967.8391774891776,1.422041847041847,405.80867243867243,48.3542987012987,112.18310930735932,11.9,1.01,-9.797230048758099e-05
2018-02-11 00:00:00+00:00,3.3952380952380956,3.3952380952380956,2.645238095238095,5.086309523809525,966.1080853174602,-1.4537698412698412,405.72424107142854,34.0385,82.70777380952381,5.1,0.47000000000000003,-0.00020805707955062758
2018-02-18 00:00:00+00:00,1.5300595238095236,1.5300595238095236,1.7747023809523808,4.990873015873016,970.1444444444444,-0.5565476190476192,405.73570436507936,29.244297619047618,90.04976488095238,28.4,0.97,2.825390373661918e-05
2018-02-25 00:00:00+00:00,2.6744047619047615,2.6744047619047615,2.2625,4.621428571428572,966.5478174603174,-4.460218253968255,405.73575396825396,34.687041666666666,104.65045833333333,0.0,0.69,1.2225489176564963e-07
2018-03-04 00:00:00+00:00,3.867559523809524,3.867559523809524,4.685714285714285,3.8079365079365073,957.3637896825396,-7.2115575396825395,405.6965525793651,36.343422619047615,75.03054166666666,5.0,1.98,-9.661802911242745e-05
2018-03-11 00:00:00+00:00,3.0785714285714287,2.4532738095238096,2.136607142857143,4.9879960317460315,954.0347222222223,3.2217261904761907,405.70915674603174,33.14067261904762,67.30904761904762,6.5,2.67,3.106796591323402e-05
2018-03-18 00:00:00+00:00,3.017261904761905,2.2738095238095237,2.0851190476190475,5.2566468253968255,954.6614087301588,2.838789682539683,405.74302579365076,31.702654761904764,63.527875,13.6,2.9699999999999998,8.348110230160799e-05
2018-03-25 00:00:00+00:00,3.479632505175983,2.373744824016563,2.0388457556935817,4.966865079365079,963.2140312284334,-2.071911663216011,405.7700306245687,27.75120833333333,56.572486801242235,1.0,7.88,6.655648822340154e-05
2018-04-01 00:00:00+00:00,2.830654761904762,2.214583333333333,2.176190476190476,6.035218253968253,960.734375,3.810664682539682,405.8404166666666,27.146607142857142,73.96683333333333,38.2,2.3,0.00017346288977915236
2018-04-08 00:00:00+00:00,5.880952380952381,3.499404761904762,1.957142857142857,6.592095734126984,963.7603373015872,3.8037152777777785,405.8961532738095,37.09755952380952,83.34464285714286,2.4,17.67,0.00013733626532475007
2018-04-15 00:00:00+00:00,18.97202380952381,5.956547619047619,3.323214285714286,8.583797123015874,959.7792361111111,5.2140625,405.93719990079364,54.505601190476185,81.0064880952381,0.2,14.57,0.0001011259324659175
2018-04-22 00:00:00+00:00,39.32440476190476,9.064285714285715,3.4845238095238096,12.27827380952381,973.8645833333333,8.842559523809523,405.96331349206355,65.60446428571429,93.89093452380952,4.2,27.259999999999998,6.432914075449325e-05
2018-04-29 00:00:00+00:00,29.06845238095238,12.178571428571429,6.083333333333334,13.650198412698412,966.4291666666668,8.919146825396826,406.00608134920634,99.8191607142857,130.92131547619047,0.5,18.79,0.00010534906904502428
2018-05-06 00:00:00+00:00,17.517857142857142,23.39107142857143,9.061904761904762,13.106746031746031,965.5585317460318,8.828869047619047,406.00415674603175,102.0767261904762,126.05379166666667,5.9,9.24,-4.740330903918455e-06
2018-05-13 00:00:00+00:00,13.510714285714284,42.78511904761905,12.979166666666668,16.246825396825397,964.4421626984127,9.981051587301588,406.0172222222222,96.69432142857143,113.28682142857143,19.8,20.66,3.218064636367757e-05
2018-05-20 00:00:00+00:00,11.942261904761905,39.40148809523809,16.410714285714285,14.875992063492065,967.6337301587301,10.32956349206349,406.03949404761903,94.02507142857142,128.76814285714286,43.6,6.619999999999999,5.4854385917346704e-05
2018-05-27 00:00:00+00:00,8.930714285714286,21.498988095238097,16.20940476190476,18.39402777777778,968.5702579365079,12.914464285714287,406.0228670634921,78.40507380952381,103.87925357142856,11.2,25.4,-4.0949179502702826e-05
2018-06-03 00:00:00+00:00,38.76773009599096,23.30580802479094,15.843827807802963,20.764911873840443,968.5796196772517,14.58396839961281,406.0356031309098,84.76424922696351,107.99356226304751,31.5,22.73,3.136785745549986e-05
2018-06-10 00:00:00+00:00,11.385404903067947,6.4306841709015625,4.430794748729531,22.431147264571177,964.6018962921137,16.190551477508002,406.04460591944286,79.61463245812159,108.51995607472239,15.4,16.54,2.217241163982031e-05
2018-06-17 00:00:00+00:00,4.075832491307319,2.535500763130299,2.51347199166748,21.898878533973743,966.4607684513373,13.231164535538923,406.0494181753556,75.32885686955248,120.0621939621074,21.0,17.49,1.1851544984287088e-05
2018-06-24 00:00:00+00:00,16.310894423558896,6.896334586466166,4.055419799498747,21.230991541353383,973.8696402464494,11.25516917293233,406.0120191102757,61.283252976190475,75.53499467418546,0.0,31.87,-9.210471288934041e-05
2018-07-01 00:00:00+00:00,64.8913850435279,21.094911606250893,4.671595904095904,21.389484860377717,969.971538729128,12.447593537414965,405.9983795073974,48.83570721243043,57.530304222563146,0.3,34.86,-3.35940864710782e-05
2018-07-08 00:00:00+00:00,60.18406044137022,63.01222190852626,7.969639563335215,22.895828000501915,969.809962983876,14.764248384465775,405.9934496204279,43.74448215697346,57.31083730472426,15.899999999999999,22.71,-1.2142627208167056e-05
2018-07-15 00:00:00+00:00,31.753611829347125,81.10394580909288,13.448590820943762,22.82041792357969,970.0734987969547,11.562531602384544,405.9749342814049,38.66236139301874,44.697310854341744,0.0,34.620000000000005,-4.560501909656178e-05
2018-07-22 00:00:00+00:00,47.78725552721089,82.95508078231293,38.20957057823129,24.01981292517007,967.8612811791384,14.511734693877552,405.92864087301587,33.28668579931973,43.44265773809524,0.0,31.19,-0.00011403021339473352
2018-07-29 00:00:00+00:00,80.04180194805194,83.05584415584416,59.07711038961039,24.84265873015873,966.8478445165946,14.83249458874459,405.90584415584414,33.945445887445885,42.359870670995676,3.6,38.59,-5.615942034220556e-05
2018-08-05 00:00:00+00:00,75.25974378881988,75.25974378881988,77.25763457556936,26.073244478951,970.1540933402346,16.711926328502415,405.8754434092478,31.11111749482402,38.36126268115942,0.1,40.42,-7.489605541299849e-05
2018-08-12 00:00:00+00:00,62.69906037414966,62.69906037414966,77.16232993197279,26.02396116780045,970.4493608276643,14.445189909297053,405.8509047619047,32.74112338435374,39.94421071428571,4.1000000000000005,25.81,-6.045856614766976e-05
2018-08-19 00:00:00+00:00,53.06149303594956,53.06149303594956,71.72014129762577,25.008583421840406,970.1114457201413,15.361970806109005,405.8184588724049,27.351919030589837,38.91990483528722,18.7,19.92,-7.994534228972228e-05
2018-08-26 00:00:00+00:00,44.57932710146996,44.57932710146996,69.51882855239998,24.917235264735265,969.454514889872,14.125505605505607,405.8131463298606,27.65869659863946,39.25590675039246,32.7,21.32,-1.3090933712156527e-05
2018-09-02 00:00:00+00:00,31.912916431394695,31.912916431394695,66.16553383210992,23.018498651107343,971.1346720308676,13.281864451973147,405.8806557422046,29.931905726519858,42.65650447016752,22.3,9.24,0.00016635590284486135
2018-09-09 00:00:00+00:00,5.583255693581781,4.2799338213546285,22.206200088731148,21.740508848466924,969.2762822882776,13.256649290150843,405.988079710145,38.149459701271816,66.9771012644188,1.5,14.65,0.0002646688538134878
2018-09-16 00:00:00+00:00,6.134523809523809,3.5744047619047623,4.7372023809523816,22.55535714285714,974.0940476190475,14.457638888888889,405.97459325396824,32.05994047619048,63.43282142857142,26.099999999999998,14.8,-3.321884767248928e-05
2018-09-23 00:00:00+00:00,8.817379451780713,4.368237294917967,4.223987094837935,22.23160597572362,971.4209350406829,13.931920268107243,405.94518699146323,29.174833083233292,50.74537890156063,11.3,12.85,-7.243375076582126e-05
2018-09-30 00:00:00+00:00,5.603790890269151,3.119219979296066,3.197580227743271,19.976893547273985,978.4812025534851,8.361365596963424,405.9497869220151,29.874445910973087,54.61039622153209,13.8,12.02,1.13314080305571e-05
2018-10-07 00:00:00+00:00,4.7903696794923505,2.7529309980909358,3.4270858541044875,18.57381081220367,972.2008055824438,9.567905877766126,405.95047070079676,31.574858393159637,55.54677004181119,10.4,5.96,1.6843925128018356e-06
2018-10-14 00:00:00+00:00,10.537627551020408,5.187797619047619,4.7409013605442185,18.30513038548753,970.6331490929706,12.1874858276644,405.9205966553288,29.729314625850343,46.58691326530612,0.1,7.430000000000001,-7.359037031395843e-05
2018-10-21 00:00:00+00:00,17.753325569358175,7.819293478260869,5.618245341614907,17.579813664596273,972.1451130089717,8.96522601794341,405.90675681504484,24.23501242236025,42.187942805383024,0.0,7.35,-3.409494467132568e-05
2018-10-28 00:00:00+00:00,21.164403726708077,9.969068322981368,7.177670807453416,16.218597653554177,969.7969549689441,6.107693409247757,405.8487840062112,19.99047228778468,42.73141237060042,20.6,3.65,-0.00014282297069534433
2018-11-04 00:00:00+00:00,3.937098861283644,2.347140269151139,3.033954451345756,13.896691683919943,964.1494599723948,5.701632160110421,405.8546562284334,29.838982919254654,44.73113819875776,22.4,1.58,1.4468990554128425e-05
2018-11-11 00:00:00+00:00,6.5625,3.8794642857142856,3.3630952380952377,13.176289682539684,965.0813492063492,8.220535714285715,405.84172619047615,25.265767857142855,42.800666666666665,2.7,1.9900000000000002,-3.1858789245831076e-05
2018-11-18 00:00:00+00:00,7.617857142857143,4.775595238095238,4.0928571428571425,12.50654761904762,976.0409722222222,5.104265873015874,405.7955158730159,20.087583333333335,43.00670238095238,2.3000000000000003,1.35,-0.00011386290388126774
2018-11-25 00:00:00+00:00,8.880952380952381,5.595833333333333,4.682142857142857,10.384325396825394,963.942757936508,1.3568452380952378,405.7292658730159,20.148565476190477,38.93216666666667,0.4,0.72,-0.00016325956647766926
2018-12-02 00:00:00+00:00,4.180059523809524,3.132142857142857,3.7869047619047618,9.493353174603174,968.0954365079366,3.971825396825397,405.71769841269844,19.040142857142857,37.928535714285715,30.1,0.53,-2.851029316941478e-05
2018-12-09 00:00:00+00:00,2.2017857142857142,1.1214285714285714,1.5505952380952384,9.281150793650795,969.2740079365079,6.411011904761905,405.90461309523806,41.57272619047619,89.15923809523808,55.6,0.6900000000000001,0.0004607013282162953
2018-12-16 00:00:00+00:00,3.6050595238095235,2.163690476190476,2.242857142857143,7.7260912698412705,970.8820436507938,-1.5589285714285714,405.9166170634921,46.11441666666667,95.8189107142857,8.9,1.72,2.9573372331226366e-05
2018-12-23 00:00:00+00:00,2.708333333333333,1.5946428571428573,2.138095238095238,7.122023809523809,972.9375992063491,3.6921626984126985,405.88155753968255,42.48094642857143,80.62535714285715,43.5,0.51,-8.63712455606569e-05
2018-12-30 00:00:00+00:00,3.5157738095238096,2.1294642857142856,2.2788690476190476,6.76686507936508,982.1772817460317,0.8535714285714285,405.9600892857143,76.923,167.86520833333333,24.2,0.41000000000000003,0.0001934843911306494
2019-01-06 00:00:00+00:00,3.7124353002070394,2.619914596273292,2.9082686335403727,6.310485679779157,984.579283126294,-0.24912870945479626,405.83797187715663,47.617231625258796,81.12475207039337,6.9,0.68,-0.00030081136491155736
2019-01-13 00:00:00+00:00,2.5125,1.3404761904761904,2.2797619047619047,5.8572420634920634,974.4403373015873,0.09178571428571414,405.83888690476186,32.80726785714286,81.08692857142857,25.5,0.21,2.2546623741348526e-06
2019-01-20 00:00:00+00:00,3.131666666666667,2.0483333333333333,4.4174999999999995,5.482777777777778,961.9194444444444,-1.0227777777777782,405.81399999999996,29.148266666666668,77.64959999999999,0.0,0.76,-6.132212945808568e-05
2019-01-27 00:00:00+00:00,4.4558333333333335,3.0641666666666665,3.614940476190476,5.055019841269841,956.7927579365079,-3.145575396825397,405.7769821428571,28.232066666666665,69.1436738095238,5.9,0.68,-9.121877792006572e-05
2019-02-03 00:00:00+00:00,3.050297619047619,1.8297619047619047,2.4244047619047615,4.794146825396825,952.8425595238095,-1.1737103174603174,405.7403472222222,24.917214285714287,61.62435119047619,19.6,0.64,-9.028338778949152e-05
2019-02-10 00:00:00+00:00,2.756560559006211,1.4727355072463768,2.4777562111801243,4.763901828847481,972.3533557625949,-0.16153381642512063,405.7382026397515,22.9694650621118,67.6097924430642,18.5,0.64,-5.285603183025067e-06
2019-02-17 00:00:00+00:00,3.5782738095238096,2.1494047619047616,2.3392857142857144,5.017162698412698,981.8590277777778,0.018452380952380974,405.71805555555557,24.661136904761907,70.32599404761905,3.0,3.31,-4.965537892376304e-05
2019-02-24 00:00:00+00:00,5.732142857142857,3.6607142857142856,4.6693452380952385,5.566071428571428,979.6946428571429,1.00109126984127,405.6896527777777,27.23902976190476,65.54489285714286,0.0,4.61,-7.00061961476095e-05
2019-03-03 00:00:00+00:00,6.415773809523809,4.367261904761905,4.107738095238095,5.709424603174603,976.0036706349207,2.7465277777777777,405.6772718253969,32.081875000000004,70.16456547619048,15.4,5.18,-3.0518284841796195e-05
2019-03-10 00:00:00+00:00,3.6461309523809526,2.607738095238095,3.124404761904762,5.37609126984127,964.9261904761905,2.907837301587302,405.7050099206349,34.90138690476191,70.27365476190475,16.5,3.38,6.837478252896823e-05
2019-03-17 00:00:00+00:00,2.538095238095238,1.3258928571428572,1.8672619047619048,5.33234126984127,968.6771825396826,2.032043650793651,405.7887103174603,44.49802380952381,87.71161309523809,62.800000000000004,5.34,0.0002063085117971486
2019-03-24 00:00:00+00:00,4.148809523809524,2.400297619047619,2.536309523809524,6.199206349206349,978.3682539682541,0.702579365079365,405.8810615079365,54.263130952380955,104.52204166666668,2.3000000000000003,14.55,0.00022758442541181978
2019-03-31 00:00:00+00:00,8.44077380952381,4.543258281573499,3.767261904761905,6.936667529330573,977.2605374396135,1.0961438923395446,405.8587482746722,47.926528985507254,77.59266330227743,0.8,15.9,-5.497480759852902e-05
2019-04-07 00:00:00+00:00,9.114880952380952,4.194047619047619,3.7916666666666665,7.953571428571428,958.4817460317461,3.487797619047619,405.9015773809524,47.54320833333333,79.33610119047619,17.200000000000003,10.04,0.00010552712356770577
2019-04-14 00:00:00+00:00,6.024404761904762,5.974404761904762,3.288690476190476,8.238492063492064,965.6687499999999,4.009722222222222,405.93537698412695,48.000791666666665,78.61126785714285,11.700000000000001,3.86,8.327044056510857e-05
2019-04-21 00:00:00+00:00,5.740178571428572,7.669940476190477,3.1958333333333333,10.210515873015874,972.5617063492064,5.380853174603175,405.93848214285714,44.596113095238096,70.53108333333333,0.4,24.13,7.649391766006985e-06
2019-04-28 00:00:00+00:00,15.919642857142858,5.07172619047619,4.7559523809523805,12.663789682539683,962.5343253968255,5.618948412698413,405.96198412698413,63.24238690476191,86.75257142857143,26.0,14.2,5.7895432832522076e-05
2019-05-05 00:00:00+00:00,2.8324907235621524,4.960134508348793,2.9739100185528757,11.305364873222016,970.3956516697589,5.021297155225726,405.9873594361988,68.32932854050712,106.38203014842301,0.0,7.02,6.25066144290809e-05
2019-05-12 00:00:00+00:00,3.386203360131932,2.490805246340961,2.6115436250257678,11.573269686662544,965.7186881570809,5.9779272314986605,406.00147774513846,62.01235255617399,114.24199582560297,38.0,10.18,3.477524265593779e-05
2019-05-19 00:00:00+00:00,6.276249999999999,4.365952380952381,3.4385416666666666,11.413392857142856,967.2172619047618,5.353670634920634,405.9926984126984,53.26183928571429,86.41876190476191,19.9,14.87,-2.1623892821232005e-05
2019-05-26 00:00:00+00:00,4.038988095238095,3.6123511904761907,2.8236309523809524,13.652480158730159,966.8511904761905,10.166765873015873,406.12290674603173,99.77520833333334,208.8694226190476,40.1,13.88,0.0003207159484452937
2019-06-02 00:00:00+00:00,6.5080357142857155,4.99264880952381,4.173065476190476,15.298214285714286,970.8866071428572,9.881051587301586,406.05963293650797,104.22272023809523,149.00976190476192,11.9,24.5,-0.00015579965688394815
2019-06-09 00:00:00+00:00,25.25848214285714,9.1725,5.641011904761904,17.922619047619047,967.2829365079366,11.178472222222222,406.0679067460318,119.51223809523809,141.77605952380952,2.2,27.2,2.0375848404308172e-05
2019-06-16 00:00:00+00:00,9.262857142857143,5.8343750000000005,3.867857142857143,18.141170634920634,967.1330357142858,12.589186507936507,406.12816468253965,152.37207738095236,201.93388095238092,65.6,16.01,0.00014839374278730055
2019-06-23 00:00:00+00:00,9.133065476190476,5.652232142857144,4.676041666666667,20.319047619047616,968.2588293650794,15.16111111111111,406.10530753968254,131.40788095238096,181.11502380952382,18.800000000000004,20.259999999999998,-5.628061495066561e-05
2019-06-30 00:00:00+00:00,25.121011904761904,12.268690476190475,6.643690476190476,23.104960317460318,972.0837301587301,17.791071428571428,406.0574404761905,103.85927976190476,140.96132142857144,0.0,42.65,-0.00011786859862050747
2019-07-07 00:00:00+00:00,19.003214285714286,9.370892857142858,6.0634523809523815,24.469345238095237,969.3208829365079,15.354017857142859,406.03479166666665,90.67377976190475,109.02961904761905,40.099999999999994,27.400000000000002,-5.577735380812854e-05
2019-07-14 00:00:00+00:00,14.92125,9.925625,7.628630952380952,23.03144841269841,968.3934523809523,11.968849206349207,406.02238095238096,82.35620238095238,99.31673214285715,7.5,19.56,-3.0565642502589085e-05
2019-07-21 00:00:00+00:00,7.5164880952380955,5.248928571428571,4.915178571428571,22.814781746031745,968.3148809523809,13.44672619047619,406.00928571428574,67.9568988095238,95.6182738095238,24.0,32.01,-3.225250308735994e-05
2019-07-28 00:00:00+00:00,35.213125000000005,15.630833333333332,7.707083333333334,26.003869047619048,966.2269841269842,16.963988095238097,406.00253968253975,52.87766071428571,72.18188690476191,12.0,28.7,-1.6615461723046288e-05
2019-08-04 00:00:00+00:00,6.960654761904762,4.628363095238095,3.6597619047619045,24.10873015873016,968.0722222222222,13.808134920634922,406.0304761904762,53.118767857142856,86.74265476190476,5.5,21.46,6.880870242409465e-05
2019-08-11 00:00:00+00:00,8.422261904761905,5.825952380952381,4.839702380952381,24.36875,966.8324404761905,17.051785714285714,406.03547619047623,52.89105357142857,77.00107738095237,49.8,13.959999999999999,1.2314346565789336e-05
2019-08-18 00:00:00+00:00,5.179047619047618,3.2591666666666663,3.2661011904761907,23.055654761904766,969.2985119047619,13.28125,406.0787996031746,77.34191666666666,110.56360119047619,14.600000000000001,16.54,0.00010669858975087543
2019-08-25 00:00:00+00:00,4.225357142857143,2.5707440476190473,2.868630952380953,21.97301587301587,974.326984126984,14.716170634920633,406.1198710317461,95.9443630952381,170.4152738095238,63.1,7.6000000000000005,0.00010114152379192554
2019-09-01 00:00:00+00:00,9.63639880952381,6.255446428571429,4.751071428571429,23.346230158730158,970.421626984127,16.695734126984128,406.08104166666664,69.30278571428572,111.87023214285715,6.4,16.84,-9.561060132512456e-05
2019-09-08 00:00:00+00:00,3.1843452380952386,2.1494940476190476,2.844702380952381,21.68819444444444,972.4271825396826,11.595734126984128,406.05126984126986,54.92442261904762,87.64133333333334,50.0,7.420000000000001,-7.331498479856702e-05
2019-09-15 00:00:00+00:00,5.684642857142857,3.430297619047619,3.3238095238095235,20.372619047619047,976.3777777777777,12.516071428571431,406.08237103174605,64.38076190476191,117.31741071428571,0.1,14.780000000000001,7.65942450773327e-05
2019-09-22 00:00:00+00:00,15.736547619047618,7.62514880952381,5.244196428571429,19.72162698412698,972.1439484126985,10.484126984126984,406.0153373015873,47.820898809523804,74.14221428571429,0.0,14.879999999999999,-0.00016507421878086959
2019-09-29 00:00:00+00:00,4.31889880952381,2.4930654761904765,3.9416964285714284,18.835416666666667,967.3977182539683,12.520138888888889,406.00478174603177,38.335125,67.18173809523809,28.2,5.29,-2.5997923195908434e-05
2019-10-06 00:00:00+00:00,3.078779761904762,1.8806547619047618,3.7450297619047617,17.759027777777778,965.9284722222222,9.917757936507936,406.0169742063492,40.53805952380952,77.76724404761906,37.8,4.55,3.0030336748643194e-05
2019-10-13 00:00:00+00:00,3.237321428571429,1.7895238095238095,2.986875,16.394940476190477,969.8410714285714,9.687698412698412,406.08925595238094,66.31407142857142,160.610125,45.199999999999996,7.24,0.0001780264142232646
2019-10-20 00:00:00+00:00,4.00720238095238,2.6846428571428573,2.6499702380952384,15.964186507936509,965.4295833333334,11.023253968253968,406.03607539682537,56.29539880952381,105.46829166666667,33.2,4.66,-0.00013095779998129053
2019-10-27 00:00:00+00:00,4.188886363636365,3.133901515151515,2.723136363636364,15.303434343434345,966.3665000000001,11.306131313131313,405.9819212121212,49.19197727272727,84.36119696969696,1.2,3.19,-0.00013337284045811248
2019-11-03 00:00:00+00:00,3.1023484848484855,2.3327020202020203,2.3375,14.413468013468014,958.0322222222221,8.69861952861953,405.9817727272728,50.585136363636366,85.09326262626261,0.0,0.6,-3.6574251371934707e-07
2019-11-10 00:00:00+00:00,2.272055194805195,1.4514998196248194,1.3497965367965368,13.263023689273691,957.653361111111,4.858710557960558,406.0059534271285,53.3422408008658,99.20315512265513,19.0,1.35,5.956104800763917e-05
2019-11-17 00:00:00+00:00,3.0365450310559003,2.3733410973084887,1.945151397515528,11.821541149068322,957.5532682022084,1.7920350241545893,405.9735627587992,49.52880408902691,92.94234523809526,5.4,1.6300000000000001,-7.977880140885851e-05
2019-11-24 00:00:00+00:00,3.5450530538302276,2.4017248964803315,3.2211335403726706,10.58550681504486,960.6837676846101,2.8488056418219463,405.9587204968944,46.720095755693585,78.78592572463768,0.0,1.14,-3.655967596494225e-05
2019-12-01 00:00:00+00:00,4.7061111111111105,3.4611805555555555,4.14625,10.190185185185186,958.7016666666667,6.213425925925925,405.9474305555555,41.66930555555555,67.6871388888889,0.0,0.30000000000000004,-2.7810564889541034e-05
